Trans. Date,Post Date,Description,Amount,Category
1/1/2023,1/1/2023,SPOTIFY P1FEF894B5 8777781161 NY,4.99,Merchandise
1/1/2023,1/3/2023,NETFLIX.COM NETFLIX.COM CAITEM TRANSFERRED FROM PREV ACCOUNT,10.59,Merchandise
1/1/2023,1/3/2023,SAFEWAY #1547 BURLINGAME CA,34.46,Supermarkets
1/2/2023,1/3/2023,KRYSTAL AND SAAGAR 2025317527 DCITEM TRANSFERRED FROM PREV ACCOUNT,10,Merchandise
1/2/2023,1/3/2023,OBSIDIAN.MD 2262203323 CAN,10,Merchandise
1/3/2023,1/3/2023,A PLUS DENTAL CENTER - S SAN MATEO CA,549.6,Medical Services
1/3/2023,1/3/2023,AMAZON.COM*7H1T34W33 AMZN.COM/BILLWA7CGLY7QDYF3,42.12,Merchandise
1/3/2023,1/3/2023,AUTOMATIC STATEMENT CREDIT,-41.41,Awards and Rebate Credits
1/3/2023,1/3/2023,CAMINO PETROLEUM S SAN FRANCISCA,40.96,Gasoline
1/3/2023,1/3/2023,GOOGLE *YT PRIMETIME G.CO/HELPPAY#CAP0OW57KF,15.89,Services
1/3/2023,1/3/2023,TACO BELL 30785 SOUTH SAN FRACA,7.13,Restaurants
1/3/2023,1/3/2023,WALGREENS #3346 S SAN FRAN CA,27.15,Merchandise
1/4/2023,1/4/2023,COURSRA5IM7YPM1EY6M1D 650-963-9884 CA,49,Education
1/4/2023,1/4/2023,EXTRA SPACE 1461 BURLINGAME CA,241.6,Services
1/4/2023,1/4/2023,STATE FARM INSURANCE 800-956-6310 ILITEM TRANSFERRED FROM PREV ACCOUNT,90.09,Merchandise
1/5/2023,1/5/2023,AMAZON.COM*533DL0GN3 AMZN.COM/BILLWA656UQI8895R,13.85,Merchandise
1/5/2023,1/5/2023,AMZN MKTP US*RZ4YB1HY3 AMZN.COM/BILLWA2IAOP636RTD,54.8,Merchandise
1/5/2023,1/5/2023,SQ *LOVE BURN CHICKEN SOUTH SAN FRACA0001152921512348130249,36.26,Restaurants
1/6/2023,1/6/2023,APPLE.COM/BILL 111-111-1111 CA,9.99,Merchandise
1/6/2023,1/6/2023,LYFT *2 RIDES 01-04 855-865-9553 CAITEM TRANSFERRED FROM PREV ACCOUNT,24.59,Merchandise
1/7/2023,1/7/2023,SEE TICKETS *FRED ARMISE 323-908-0607 CASEE TICKETS *FRED ARMISE,102.02,Travel/ Entertainment
1/7/2023,1/7/2023,"SQ *HILARY CHIEM, O.D. SAN MATEO CA0001152921512353344153",106.5,Medical Services
1/8/2023,1/8/2023,LYFT *2 RIDES 01-07 855-865-9553 CAITEM TRANSFERRED FROM PREV ACCOUNT,28.67,Merchandise
1/9/2023,1/9/2023,AMZN MKTP US*O74QU7HY3 AMZN.COM/BILLWA77RIRA85W99,9.86,Merchandise
1/9/2023,1/9/2023,AMZN MKTP US*P98A92243 AMZN.COM/BILLWA1F2157UKMEK,32.88,Merchandise
1/9/2023,1/9/2023,GOOGLE *YOUTUBE TV G.CO/HELPPAY#CAP0OFLGPQ,64.99,Services
1/9/2023,1/9/2023,STEAM PURCHASE 425-952-2985 WA,29.99,Travel/ Entertainment
1/10/2023,1/10/2023,LYFT *1 RIDE 01-08 855-865-9553 CAITEM TRANSFERRED FROM PREV ACCOUNT,11.99,Merchandise
1/10/2023,1/10/2023,PANDA EXPRESS #907 P 800-877-8988 CA,10.85,Restaurants
1/11/2023,1/11/2023,APPLE.COM/BILL 866-712-7753 CAAPPLE PAY ENDING IN 1455MMWBZ5629BA0,15.89,Merchandise
1/11/2023,1/11/2023,EB OPEN MIKE EAGLEES 801-413-7200 CA,24.97,Services
1/11/2023,1/11/2023,INTERNET PAYMENT - THANK YOU,-552.53,Payments and Credits
1/11/2023,1/11/2023,TRAVEL GUARD GROUP INC 877-934-8308 WI,21.91,Services
1/11/2023,1/11/2023,UNITED AIRLINES 18004214655 TX,337.1,Travel/ Entertainment
1/12/2023,1/12/2023,SAFEWAY #1547 BURLINGAME CA,64.82,Supermarkets
1/13/2023,1/13/2023,CAFFE CENTRAL BURLINGAME CA,27.05,Restaurants
1/15/2023,1/15/2023,PAYPAL *CRUNCHYROLL 402-935-7733 CA,7.99,Services
1/15/2023,1/15/2023,WALGREENS #0625 MILLBRAE CA,46.63,Merchandise
1/17/2023,1/17/2023,SHELL57444215701 SAN MATEO CA,45.28,Gasoline
1/17/2023,1/17/2023,SPORTSLINE 888-508-3055 CA,24.99,Merchandise
1/17/2023,1/17/2023,TMOBILE*AUTO PAY 800-937-8997 WAITEM TRANSFERRED FROM PREV ACCOUNT,111.63,Merchandise
1/19/2023,1/19/2023,PANDA EXPRESS #907 P 800-877-8988 CA,10.85,Restaurants
1/20/2023,1/20/2023,INTERNET PAYMENT - THANK YOU,-1000,Payments and Credits
1/20/2023,1/20/2023,UNITED AIRLINES 18004214655 TXAPPLE PAY ENDING IN 1455,372.8,Travel/ Entertainment
1/21/2023,1/21/2023,KATSU KEI* KEI KATSUCO 8668646522 VA,150,Travel/ Entertainment
1/21/2023,1/21/2023,LEANPUB 6049168017 CAN,14.99,Merchandise
1/22/2023,1/22/2023,AMZN MKTP US*OJ2B68JK3 AMZN.COM/BILLWA6GMHPXEC3MX,10.4,Merchandise
1/22/2023,1/22/2023,CRACKED & BATTERED LLC 540-898-4343 CAAPPLE PAY ENDING IN 1455,43.1,Restaurants
1/22/2023,1/22/2023,TM *SACRAMENTO KINGS 800-653-8000 CANCA/22-39690,66.52,Travel/ Entertainment
1/22/2023,1/22/2023,TST* COPENHAGEN BAKERY BURLINGAME CA,23.04,Restaurants
1/23/2023,1/23/2023,AMAZON.COM*587BA3543 AMZN.COM/BILLWA1VXP8IG0UT8,13.85,Merchandise
1/23/2023,1/23/2023,"FUZE TECHNOLOGY, INC. 2134516667 CA",1,Merchandise
1/23/2023,1/23/2023,HOUSE KITCHEN AND BAR SACRAMENTO CA,25.12,Restaurants
1/23/2023,1/23/2023,LGND GOLDEN 1 CONCESSION SACRAMENTO CA,5.44,Restaurants
1/23/2023,1/23/2023,PAYPAL *PARKMOBILE 402-935-7733 CA,12.35,Travel/ Entertainment
1/23/2023,1/23/2023,SHELL57444215701 SAN MATEO CA,46.25,Gasoline
1/24/2023,1/24/2023,02738 PF SAN BRUNO CA SAN BRUNO CA,1.75,Travel/ Entertainment
1/24/2023,1/24/2023,SAFEWAY #1547 BURLINGAME CA,97.08,Supermarkets
1/24/2023,1/24/2023,UNITED AIRLINES 18004214655 TXAPPLE PAY ENDING IN 1455,5,Travel/ Entertainment
1/25/2023,1/25/2023,INTERNET PAYMENT - THANK YOU,-2071.58,Payments and Credits
1/26/2023,1/26/2023,BLUE LINE TRANSFER SOUTH SAN FRACA,38,Services
1/26/2023,1/26/2023,FASTRAK CSC 415-486-8655 CA,25,Travel/ Entertainment
1/26/2023,1/26/2023,FASTRAK CSC 415-486-8655 CA,75,Travel/ Entertainment
1/26/2023,1/26/2023,FD *CA DMV 593 *SVC 800-777-0133 CA,5.36,Government Services
1/26/2023,1/26/2023,FD *CA DMV 593 SAN MATEO CA,255,Government Services
1/26/2023,1/26/2023,MCDONALD'S F13001 MILLBRAE CA,11.68,Restaurants
1/26/2023,1/26/2023,O'REILLY AUTO PARTS 2581 MILLBRAE CA,16.4,Automotive
1/27/2023,1/27/2023,CCBILL.COM 888-5969279 AZ,4.25,Merchandise
1/27/2023,1/27/2023,FASTRAK CSC 415-486-8655 CA,25,Travel/ Entertainment
1/27/2023,1/27/2023,MARKET MAYFLOWER & DELI SAN FRANCISCOCA,7.98,Supermarkets
1/27/2023,1/27/2023,SQ *GREAT AMERICAN MUS SAN FRANCISCOCA0001152921512413106170,10.8,Travel/ Entertainment
1/28/2023,1/28/2023,HI - SD DOWNTOWN HOSTEL SAN DIEGO CA,6,Travel/ Entertainment
1/28/2023,1/28/2023,HI - SD DOWNTOWN HOSTEL SAN DIEGO CA,96.14,Travel/ Entertainment
1/28/2023,1/28/2023,TST* FARLEYS CAFE - SF SAN RAFAEL CA00035384010198819089AA,25.78,Restaurants
1/28/2023,1/28/2023,UBER TRIP 866-576-1039 CA,5,Travel/ Entertainment
1/28/2023,1/28/2023,UBER TRIP 866-576-1039 CA,5,Travel/ Entertainment
1/28/2023,1/28/2023,UBER TRIP 866-576-1039 CA,13.91,Travel/ Entertainment
1/28/2023,1/28/2023,UBER TRIP 866-576-1039 CA,19.9,Travel/ Entertainment
1/28/2023,1/28/2023,UBER TRIP 866-576-1039 CA,19.96,Travel/ Entertainment
1/29/2023,1/29/2023,SQ *BORDER X BREWING- SAN DIEGO CA0001152921512418764739,12.16,Restaurants
1/29/2023,1/29/2023,SQ *NEVERIA LOS MOCHIS SAN DIEGO CA0001152921512419051683,11.75,Restaurants
1/29/2023,1/29/2023,SWAMIS NORTH PARK SAN DIEGO CA,31.22,Restaurants
1/29/2023,1/29/2023,UBER TRIP 866-576-1039 CA,5,Travel/ Entertainment
1/29/2023,1/29/2023,UBER TRIP 866-576-1039 CA,5,Travel/ Entertainment
1/29/2023,1/29/2023,UBER TRIP 866-576-1039 CA,8.93,Travel/ Entertainment
1/30/2023,1/30/2023,CCBILL.COM 888-5969279 AZ,7.43,Merchandise
1/30/2023,1/30/2023,CCBILL.COM 888-5969279 AZ,12.76,Merchandise
1/30/2023,1/30/2023,SQ *SANDBOX VR MISSION GOSQ.COM CA0002305843016976425532,150,Travel/ Entertainment
1/30/2023,1/30/2023,TST* SMOKING GUN - SAN SAN DIEGO CA00013131010229654110AA,8.52,Restaurants
1/30/2023,1/30/2023,TST* TACO STAND DOWNTO SAN DIEGO CA00072507010231353549AA,28.35,Restaurants
1/30/2023,1/30/2023,UBER TRIP 866-576-1039 CA,3.28,Travel/ Entertainment
1/30/2023,1/30/2023,UBER TRIP 866-576-1039 CA,5,Travel/ Entertainment
1/30/2023,1/30/2023,UBER TRIP 866-576-1039 CA,8.66,Travel/ Entertainment
1/30/2023,1/30/2023,UBER TRIP 866-576-1039 CA,22.04,Travel/ Entertainment
1/30/2023,1/30/2023,WWW.WEWORK.COM 6467604450 NY,29,Services
1/31/2023,1/31/2023,THE DONUT BAR SAN DIEGO CA,9.35,Merchandise
1/31/2023,1/31/2023,UBER TRIP 866-576-1039 CA,5,Travel/ Entertainment
1/31/2023,1/31/2023,UBER TRIP 866-576-1039 CA,13.94,Travel/ Entertainment
1/31/2023,1/31/2023,UBER TRIP 866-576-1039 CA,17.97,Travel/ Entertainment
1/31/2023,1/31/2023,WWW.WEWORK.COM 6467604450 NY,29,Services
2/1/2023,2/1/2023,PARAMOUNT^ 888-274-5343 CA,5.42,Services
2/1/2023,2/1/2023,SPOTIFY P20DD0B7D1 8777781161 NY,4.99,Merchandise
2/1/2023,2/1/2023,SQ *MAMA MADE THAI FOO SAN DIEGO CA0001152921512428151675,33.06,Supermarkets
2/1/2023,2/1/2023,SQ *WICKED POPCORN SAN DIEGO CA0001152921512428214340,8.99,Restaurants
2/1/2023,2/1/2023,UBER TRIP 866-576-1039 CA,5,Travel/ Entertainment
2/1/2023,2/1/2023,UBER TRIP 866-576-1039 CA,5,Travel/ Entertainment
2/1/2023,2/1/2023,UBER TRIP 866-576-1039 CA,5,Travel/ Entertainment
2/1/2023,2/1/2023,UBER TRIP 866-576-1039 CA,11.91,Travel/ Entertainment
2/1/2023,2/1/2023,UBER TRIP 866-576-1039 CA,18.91,Travel/ Entertainment
2/1/2023,2/1/2023,WWW.WEWORK.COM 6467604450 NY,29,Services
2/1/2023,2/3/2023,NETFLIX.COM NETFLIX.COM CAITEM TRANSFERRED FROM PREV ACCOUNT,10.59,Merchandise
2/1/2023,2/3/2023,STONE BREWING - LIBE 619-2692100 CA,5,Restaurants
2/1/2023,2/3/2023,STONE BREWING - LIBE 619-2692100 CA,21.55,Restaurants
2/2/2023,2/2/2023,UBER TRIP 866-576-1039 CA,5,Travel/ Entertainment
2/2/2023,2/2/2023,UBER TRIP 866-576-1039 CA,12.96,Travel/ Entertainment
2/2/2023,2/2/2023,UBER TRIP 866-576-1039 CA,15.99,Travel/ Entertainment
2/2/2023,2/3/2023,CCBILL.COM 888-5969279 AZ,3.72,Merchandise
2/2/2023,2/3/2023,CCBILL.COM 888-5969279 AZ,10.63,Merchandise
2/2/2023,2/3/2023,KRYSTAL AND SAAGAR 2025317527 DCITEM TRANSFERRED FROM PREV ACCOUNT,10,Merchandise
2/2/2023,2/3/2023,OBSIDIAN.MD 2262203323 CAN,10,Merchandise
2/2/2023,2/3/2023,SQ *AYURBLISS PHYSICAL SAN MATEO CAAPPLE PAY ENDING IN 14550002305843016991252943,68,Medical Services
2/3/2023,2/3/2023,AUTOMATIC STATEMENT CREDIT,-55.37,Awards and Rebate Credits
2/3/2023,2/3/2023,BLUE LINE TRANSFER SOUTH SAN FRACA,38,Services
2/3/2023,2/3/2023,CCBILL.COM 888-5969279 AZ,12.75,Merchandise
2/3/2023,2/3/2023,GOOGLE *YT PRIMETIME G.CO/HELPPAY#CAP0PFG0KA,15.89,Services
2/3/2023,2/3/2023,HAPPY LEMON FOSTER CITY CA,6.05,Restaurants
2/3/2023,2/3/2023,POPEYES 12669 SOUTH SAN FRACA,12.08,Restaurants
2/3/2023,2/3/2023,STATE FARM INSURANCE 800-956-6310 ILITEM TRANSFERRED FROM PREV ACCOUNT,90.09,Merchandise
2/3/2023,2/3/2023,UBER TRIP 866-576-1039 CA,5,Travel/ Entertainment
2/4/2023,2/4/2023,CCBILL.COM 888-5969279 AZ,17,Merchandise
2/4/2023,2/4/2023,COURSRA5IM7YPM1EY6M1D 650-963-9884 CA,49,Education
2/4/2023,2/4/2023,SAN MATEO SPORTS NUTRITI SAN MATEO CA,152.89,Supermarkets
2/4/2023,2/4/2023,TARGET 00011221091 SAN MATEO CA,18.83,Supermarkets
2/5/2023,2/5/2023,GALILEO BARR B22 ORD CHICAGO IL4524,9.81,Restaurants
2/5/2023,2/5/2023,GALILEO BARR B22 ORD CHICAGO IL8741426392052847,12.27,Restaurants
2/5/2023,2/5/2023,PIZZA JOHNS ESSEX MD,4.4,Restaurants
2/5/2023,2/5/2023,PIZZA JOHNS ESSEX MD,26.45,Restaurants
2/5/2023,2/5/2023,UBER TRIP 866-576-1039 CA,12.22,Travel/ Entertainment
2/5/2023,2/5/2023,UBER TRIP 866-576-1039 CA,48.9,Travel/ Entertainment
2/5/2023,2/5/2023,UNITED AIRLINES 18004214655 TX,8,Travel/ Entertainment
2/5/2023,2/5/2023,UNITED AIRLINES 18004214655 TX,8,Travel/ Entertainment
2/5/2023,2/5/2023,UNITED AIRLINES 18004214655 TXAPPLE PAY ENDING IN 1455,35,Travel/ Entertainment
2/6/2023,2/6/2023,AMAZON.COM*CA2JS6DR3 AMZN.COM/BILLWA4S3TD5QHMJM,15.19,Merchandise
2/6/2023,2/6/2023,APPLE.COM/BILL 866-712-7753 CAMMWD0WQFLHA0,9.99,Merchandise
2/6/2023,2/6/2023,CCBILL.COM 888-5969279 AZ,5.3,Merchandise
2/6/2023,2/6/2023,CCBILL.COM 888-5969279 AZ,10.62,Merchandise
2/6/2023,2/6/2023,INTL SPY MUSEUM MUSEUM WASHINGTON DC,63.37,Services
2/6/2023,2/6/2023,PAYPAL *TICKETMASTER 402-935-7733 CA,111.7,Travel/ Entertainment
2/7/2023,2/7/2023,CCBILL.COM 888-5969279 AZ,3.51,Merchandise
2/7/2023,2/7/2023,CCBILL.COM 888-5969279 AZ,10.62,Merchandise
2/7/2023,2/7/2023,CCBILL.COM 888-5969279 AZ,10.63,Merchandise
2/7/2023,2/7/2023,CCBILL.COM 888-5969279 AZ,10.63,Merchandise
2/7/2023,2/7/2023,CCBILL.COM 888-5969279 AZ,17.01,Merchandise
2/7/2023,2/7/2023,INTERNET PAYMENT - THANK YOU,-1995.21,Payments and Credits
2/8/2023,2/8/2023,365 MARKET J 888 432-329 TROY MI,2.63,Restaurants
2/8/2023,2/8/2023,AMK CAPITAL ONE ARENA CN WASHINGTON DC,20.22,Restaurants
2/8/2023,2/8/2023,AMK CAPITAL ONE ARENA CN WASHINGTON DC,35.18,Restaurants
2/8/2023,2/8/2023,DUNKIN DONUTSBALTIMORE BALTIMORE MD,10.26,Restaurants
2/8/2023,2/8/2023,UBER TRIP 866-576-1039 CA,6.23,Travel/ Entertainment
2/8/2023,2/8/2023,UBER TRIP 866-576-1039 CA,8.81,Travel/ Entertainment
2/8/2023,2/8/2023,UBER TRIP 866-576-1039 CA,24.95,Travel/ Entertainment
2/8/2023,2/8/2023,WISEGUY NY PIZZA- CHINAT WASHINGTON DC,10.54,Restaurants
2/8/2023,2/8/2023,WWW.WEWORK.COM 6467604450 NY,29,Services
2/9/2023,2/9/2023,CCBILL.COM 888-5969279 AZ,7.43,Merchandise
2/9/2023,2/9/2023,GOOGLE *YOUTUBE TV G.CO/HELPPAY#CAP0PPUHRV,64.99,Services
2/9/2023,2/9/2023,HILL PRINCE WASHINGTON DC,15.56,Restaurants
2/9/2023,2/9/2023,SQ *AYURBLISS PHYSICAL SAN MATEO CA0002305843017028948187,136,Medical Services
2/9/2023,2/9/2023,UBER TRIP 866-576-1039 CA,5,Travel/ Entertainment
2/9/2023,2/9/2023,UBER TRIP 866-576-1039 CA,11.91,Travel/ Entertainment
2/10/2023,2/10/2023,TST* DIVE BAR AND GRIL SAVAGE MD00060644010365207788AA,36.88,Restaurants
2/11/2023,2/11/2023,ACE PARKING 4603 WASHINGTON DC,30,Services
2/11/2023,2/11/2023,CCBILL.COM 888-5969279 AZ,8.49,Merchandise
2/11/2023,2/11/2023,CVS/PHARMACY #10415 WASHINGTON DC,10.59,Merchandise
2/11/2023,2/11/2023,GOLDEN CORRAL #2486 LARGO MD,39.93,Restaurants
2/11/2023,2/11/2023,HARRISTEETER #392 BALTIMORE MD,9.99,Supermarkets
2/11/2023,2/11/2023,PLANNED PARENTHOOD ACTIO NEW YORK NY,5,Services
2/12/2023,2/12/2023,72600 - NH FLEET GARAGE OXON HILL MD,5,Services
2/12/2023,2/12/2023,APPLE.COM/BILL 866-712-7753 CAAPPLE PAY ENDING IN 1455MMWD14ZXBNA0,15.89,Merchandise
2/12/2023,2/12/2023,BLUE MOON CAFE BALTIMORE MD,95.6,Restaurants
2/12/2023,2/12/2023,COURSRA9SQDK9PPG1VBLF 650-963-9884 CA,49,Education
2/12/2023,2/12/2023,PABC MULTI SPACE 3 BALTIMORE MD,3.23,Services
2/12/2023,2/12/2023,SPORTS COLLECTIBLES 8557419003 NJ,9.17,Merchandise
2/12/2023,2/12/2023,SPORTS COLLECTIBLES 8557419003 NJ,9.17,Merchandise
2/12/2023,2/12/2023,SQ *BEN & JERRY'S NATI OXON HILL MD0002305843017047935394,19.35,Restaurants
2/12/2023,2/12/2023,SQ *NH ENTERTAINMENT L OXON HILL MD0002305843017048063290,25,Travel/ Entertainment
2/12/2023,2/12/2023,SQ *SCRAMBLE ALEXANDRI ALEXANDRIA VA0002305843017048455554,7.24,Merchandise
2/12/2023,2/12/2023,SQ *SCRAMBLE ALEXANDRI ALEXANDRIA VA0002305843017048226229,20.96,Merchandise
2/12/2023,2/12/2023,THE CAPITAL WHEEL OXON HILL MD,16.5,Travel/ Entertainment
2/14/2023,2/14/2023,SAMOS GREEK ISLAND GRI BALTIMORE MD,18.02,Restaurants
2/14/2023,2/14/2023,STATE FARM INSURANCE 800-956-6310 ILITEM TRANSFERRED FROM PREV ACCOUNT,88.02,Merchandise
2/14/2023,2/14/2023,TARGET 00028456091 BALTIMORE MD,54.05,Supermarkets
2/15/2023,2/15/2023,CCBILL.COM 888-5969279 AZ,4.68,Merchandise
2/15/2023,2/15/2023,SQ *AYURBLISS PHYSICAL SAN MATEO CA0002305843017062540240,68,Medical Services
2/16/2023,2/16/2023,AMZN MKTP US*HE1FY4851 AMZN.COM/BILLWA4DZ6YUN4D48,40.51,Merchandise
2/16/2023,2/16/2023,ANDPIZZA 2024505059 DC,31.63,Restaurants
2/16/2023,2/16/2023,BONOBOS 1-877-294-7737 NEW YORK NY,98.88,Merchandise
2/16/2023,2/16/2023,MCDONALDS 10876 BALTIMORE MD,7.4,Restaurants
2/16/2023,2/16/2023,PAYPAL *CRUNCHYROLL 402-935-7733 CA,7.99,Services
2/17/2023,2/17/2023,72601 - NH MARINER GARAG OXON HILL MD,5,Services
2/17/2023,2/17/2023,72601 - NH MARINER GARAG OXON HILL MD,15,Services
2/17/2023,2/17/2023,CHARLEYS PHILLY STEAKS 9 ARLINGTON VA,18.11,Restaurants
2/17/2023,2/17/2023,CVS/PHARMACY #02149 ALEXANDRIA VA,27.62,Merchandise
2/17/2023,2/17/2023,HARRISTEETER #392 BALTIMORE MD,29.16,Supermarkets
2/17/2023,2/17/2023,PANDA EXPRESS #128 ARLINGTON VA,9.13,Restaurants
2/17/2023,2/17/2023,"PARKWHIZ, INC. 888-472-7594 ILAPPLE PAY ENDING IN 1455",4,Services
2/17/2023,2/17/2023,PHO NAM ALEXANDRIA VA,45.74,Restaurants
2/17/2023,2/17/2023,SQ *HEALTH PUB- FASHIO ARLINGTON VA0002305843017070678524,9.9,Restaurants
2/17/2023,2/17/2023,SQ *NEON CULTURE RIDGELAND MS0002305843017072974051,51.75,Merchandise
2/17/2023,2/17/2023,SQ *SALE PRICE TAXES FORT WASHINGTMD0002305843017073374408,152.42,Merchandise
2/17/2023,2/17/2023,SQ *SWSS T/A THE CRUCI WASHINGTON DC0002305843017075390817,1.25,Restaurants
2/17/2023,2/17/2023,SQ *SWSS T/A THE CRUCI WASHINGTON DC0002305843017075650872,7.2,Restaurants
2/17/2023,2/17/2023,TMOBILE*AUTO PAY 800-937-8997 WAITEM TRANSFERRED FROM PREV ACCOUNT,111.63,Merchandise
2/18/2023,2/18/2023,ROYAL FARMS #311 WHITE MARSH MD,5.66,Gasoline
2/18/2023,2/18/2023,ROYAL FARMS #311 WHITE MARSH MD,9.84,Gasoline
2/18/2023,2/18/2023,UNITED AIRLINES 18004214655 TXAPPLE PAY ENDING IN 1455,35,Travel/ Entertainment
2/19/2023,2/19/2023,AMAZON.COM*HP58L4FE1 AMZN.COM/BILLWA4GCZ8GW76B6,15.19,Merchandise
2/19/2023,2/19/2023,CCBILL.COM 888-5969279 AZ,7.44,Merchandise
2/19/2023,2/19/2023,CREATIVE FOOD BWI BALTIMORE MD,3.17,Restaurants
2/20/2023,2/20/2023,AUTOZONE #2854 SAN MATEO CA,17.52,Automotive
2/20/2023,2/20/2023,CCBILL.COM 888-5969279 AZ,13.81,Merchandise
2/20/2023,2/20/2023,"FSP*303 -OIL CHANGER, IN PLEASANTON CA",62.37,Automotive
2/20/2023,2/20/2023,TARGET 00011221091 SAN MATEO CA,40.54,Supermarkets
2/21/2023,2/21/2023,CAFFE STELLATO BURLINGAME CA,18.69,Restaurants
2/21/2023,2/21/2023,CCBILL.COM 888-5969279 AZ,7.43,Merchandise
2/21/2023,2/21/2023,DOORDASH*CJS GOURMET D 6506819470 CAAPPLE PAY ENDING IN 1455,35.89,Restaurants
2/21/2023,2/21/2023,NISSAN OF BURLINGAME BURLINGAME CA,200,Automotive
2/22/2023,2/22/2023,FREETAXUSA.COM 877-2699027 UT,29.98,Services
2/23/2023,2/23/2023,DOORDASH*C&C CURRY HOU 6506819470 CAAPPLE PAY ENDING IN 1455,43.43,Restaurants
2/23/2023,2/23/2023,NBA*SACRAMENTO KINGS 916-928-3683 CAMIC715B900-F7IVS,142,Travel/ Entertainment
2/23/2023,2/23/2023,SQ *AYURBLISS LLC SAN MATEO CA0002305843017109071920,27.32,Medical Services
2/24/2023,2/24/2023,INTERNET PAYMENT - THANK YOU,-1432.39,Payments and Credits
2/24/2023,2/24/2023,SAFEWAY #0970 SAN MATEO CA,84.59,Supermarkets
2/25/2023,2/25/2023,GHIRARDELLI #138 GCE SAN FRANCISCOCA,16.89,Merchandise
2/25/2023,2/25/2023,GHIRARDELLI SQ GARAGE PA SAN FRANCISCOCA,18,Services
2/26/2023,2/26/2023,AMZN MKTP US*HP7FE0IE2 AMZN.COM/BILLWA59RU8AG1QCM,32.88,Merchandise
2/26/2023,2/26/2023,PAYPAL *ESPN PLUS 402-935-7733 CA,65.14,Services
2/27/2023,2/27/2023,FIVE GUYS CA 1370 QSR BURLINGAME CA,15.17,Restaurants
2/27/2023,2/27/2023,IM* KEYCHRON.COM 9293322099 NY,225,Merchandise
2/27/2023,2/27/2023,SQ *OCEANIC FOOT SPA BURLINGAME CA0001152921512511485984,40,Services
2/28/2023,2/28/2023,INTERNET PAYMENT - THANK YOU,-1000,Payments and Credits
3/1/2023,3/1/2023,PARAMOUNT^ 888-274-5343 CA,5.42,Services
3/1/2023,3/1/2023,SPOTIFY P2174B78B2 8777781161 NY,4.99,Merchandise
3/1/2023,3/1/2023,UBER TRIP 866-576-1039 CA,8.67,Travel/ Entertainment
3/1/2023,3/1/2023,UBER TRIP 866-576-1039 CA,14.95,Travel/ Entertainment
3/1/2023,3/1/2023,UBER TRIP 866-576-1039 CA,15.94,Travel/ Entertainment
3/1/2023,3/3/2023,NETFLIX.COM NETFLIX.COM CAITEM TRANSFERRED FROM PREV ACCOUNT,10.59,Merchandise
3/1/2023,3/3/2023,PIZZA MY HEART BURLINGAME CA,13.26,Restaurants
3/1/2023,3/3/2023,PLANNED PARENTHOOD ACTIO NEW YORK NY,5,Services
3/2/2023,3/2/2023,ONEPASS 877-515-9364 MN76128,164,Services
3/2/2023,3/3/2023,FRG*TEAMFANSHOP 855-210-8831 FL,105.41,Merchandise
3/2/2023,3/3/2023,KRYSTAL AND SAAGAR 2025317527 DCITEM TRANSFERRED FROM PREV ACCOUNT,10,Merchandise
3/2/2023,3/3/2023,SQ *AYURBLISS LLC SAN MATEO CA0001152921512522245314,150,Medical Services
3/2/2023,3/3/2023,SQ *TWISTED ST. CAFE SAN FRANCISCOCA0001152921512521081983,18.82,Restaurants
3/3/2023,3/3/2023,AUTOMATIC STATEMENT CREDIT,-47.46,Awards and Rebate Credits
3/3/2023,3/3/2023,GOOGLE *YT PRIMETIME G.CO/HELPPAY#CAP0PX5NOT,15.89,Merchandise
3/3/2023,3/3/2023,LGND GOLDEN 1 CONCESSION SACRAMENTO CA,5.44,Restaurants
3/3/2023,3/3/2023,LGND GOLDEN 1 CONCESSION SACRAMENTO CA,16.75,Restaurants
3/3/2023,3/3/2023,TACO BELL 26850 MILLBRAE CA,11.9,Restaurants
3/3/2023,3/3/2023,YOLO FRUIT STAND DAVIS CA,5.34,Supermarkets
3/4/2023,3/4/2023,A&A GAS BURLINGAME CA,48.12,Gasoline
3/4/2023,3/4/2023,CITYOFSAC-PARKMOBILE 916-808-5110 CA749064904,12.35,Services
3/4/2023,3/4/2023,CITYOFSAC-PARKMOBILE 916-808-5110 CA749660159,12.35,Services
3/4/2023,3/4/2023,COURSRA5IM7YPM1EY6M1D 650-963-9884 CA,49,Education
3/4/2023,3/4/2023,FASTRAK CSC 415-486-8655 CA,25,Travel/ Entertainment
3/4/2023,3/4/2023,FINNEGANS PUB SACRAMENTO CA,63.75,Restaurants
3/4/2023,3/4/2023,"FUZE TECHNOLOGY, INC. 2134516667 CA",6,Merchandise
3/4/2023,3/4/2023,LGND GOLDEN 1 CONCESSION SACRAMENTO CA,21.54,Restaurants
3/4/2023,3/4/2023,SQ *LOU?S CAFE SAN FRANCISCOCA0001152921512530496109,19.31,Restaurants
3/4/2023,3/4/2023,UPS*1ZA407020364466528 800-811-1648 GA1ZA407020364466528,5.99,Travel/ Entertainment
3/4/2023,3/4/2023,WALGREENS #0625 MILLBRAE CA,27.32,Merchandise
3/5/2023,3/5/2023,AMZN MKTP US*H500J0L02 AMZN.COM/BILLWA5NBVHMK06CU,43.84,Merchandise
3/5/2023,3/5/2023,AMZN MKTP US*H56C927E0 AMZN.COM/BILLWA3M2ST0SZ5VY,152.12,Merchandise
3/5/2023,3/5/2023,OBSIDIAN.MD 2262203323 CAN,10,Merchandise
3/5/2023,3/5/2023,SQ *HELLA KINKETSU HAYWARD CA0001152921512535172822,62.89,Services
3/5/2023,3/5/2023,TARGET 00014274091 SAN JOSE CA,10.93,Supermarkets
3/5/2023,3/5/2023,TCKTWEB*JAWNYWALLICE 800-965-4827 CA748228446EPS5E6Z,30.34,Travel/ Entertainment
3/6/2023,3/6/2023,APPLE.COM/BILL 866-712-7753 CAMMWD2S6439A0,9.99,Merchandise
3/6/2023,3/6/2023,ATI8363-030677116 310-627-2866 CAAPPLE PAY ENDING IN 1455,5,Travel/ Entertainment
3/6/2023,3/6/2023,CAFFE STELLATO BURLINGAME CA,8.34,Restaurants
3/6/2023,3/6/2023,CCBILL.COM 888-5969279 AZ,13.81,Merchandise
3/6/2023,3/6/2023,USPS PO 0510320110 BURLINGAME CA,17.1,Government Services
3/7/2023,3/7/2023,AMAZON.COM*HG6EN3ZP0 AMZN.COM/BILLWAITEM TRANSFERRED FROM PREV ACCOUNT,13.85,Merchandise
3/7/2023,3/7/2023,BIMBOS 365 CLUB SAN FRANCISCOCA,13.73,Restaurants
3/7/2023,3/7/2023,BIMBOS 365 CLUB SAN FRANCISCOCA,13.73,Restaurants
3/7/2023,3/7/2023,CCBILL.COM 888-5969279 AZ,4.51,Merchandise
3/7/2023,3/7/2023,CURRY LEAF SAN FRANCISCOCA,24.32,Restaurants
3/7/2023,3/7/2023,INTERNET PAYMENT - THANK YOU,-1079.82,Payments and Credits
3/7/2023,3/7/2023,SQ *AYURBLISS PHYSICAL SAN MATEO CA0001152921512541037226,68,Medical Services
3/8/2023,3/8/2023,TRADER JOE'S #170 QPS MILLBRAE CA,2.99,Supermarkets
3/8/2023,3/8/2023,TRADER JOE'S #170 QPS MILLBRAE CA,58.26,Supermarkets
3/8/2023,3/8/2023,UBER TRIP 866-576-1039 CA,48.9,Travel/ Entertainment
3/8/2023,3/8/2023,WALGREENS #0625 MILLBRAE CA,66.43,Merchandise
3/9/2023,3/9/2023,GOOGLE *YOUTUBE TV G.CO/HELPPAY#CAP0Q74KLW,64.99,Services
3/9/2023,3/9/2023,HOMEROOM TO GO OAKLAND CA,40.33,Restaurants
3/9/2023,3/9/2023,PP*COASTAL CURL OAKLAND CA,30,Services
3/10/2023,3/10/2023,TARGET.COM * 800-591-3869 MN,49.7,Merchandise
3/10/2023,3/10/2023,WALGREENS #0625 MILLBRAE CA,2.94,Merchandise
3/10/2023,3/10/2023,WALGREENS #0625 MILLBRAE CA,28.41,Merchandise
3/11/2023,3/11/2023,APPLE.COM/BILL 866-712-7753 CAAPPLE PAY ENDING IN 1455MMWD31LF78A0,16.95,Merchandise
3/11/2023,3/11/2023,SQ *HAPA'S BREWING COM SAN JOSE CA0002305843017204153884,8.54,Restaurants
3/11/2023,3/11/2023,SUMUP *JOSE A MARTINEZ V CAMPBELL CA,9.88,Restaurants
3/12/2023,3/12/2023,CLR*YOGASIX6505342692 650-534-2692 CACLR*YOGASIX6505342692,36.59,Travel/ Entertainment
3/12/2023,3/12/2023,COURSRA9SQDK9PPG1VBLF 650-963-9884 CA,49,Education
3/12/2023,3/12/2023,PRIME VIDEO *HG9HR5TX2 888-802-3080 WA1NYMU5STVWY,0.99,Merchandise
3/12/2023,3/12/2023,TRADER JOE'S #078 QPS SANFRANCISCO CA,19.55,Supermarkets
3/12/2023,3/12/2023,WWW.DIGISTORE24.COM - 8003567947 FL,39,Merchandise
3/13/2023,3/13/2023,SQ *DONUT DELITE SAN MATEO CA0001152921512561484525,9.09,Merchandise
3/15/2023,3/15/2023,365 MARKET J 888 432-329 TROY MI,11.78,Restaurants
3/15/2023,3/15/2023,BART-PARKING MILLBRAE MILLBRAE CA,3,Services
3/15/2023,3/15/2023,OTF SOUTH SAN FRAN 1266 650-8262009 CA,4.4,Travel/ Entertainment
3/15/2023,3/15/2023,PAYPAL *CRUNCHYROLL 402-935-7733 CA,7.99,Services
3/15/2023,3/15/2023,SQ *FICTION COFFEE @ W SAN FRANCISCOCA0001152921512569931186,14.67,Supermarkets
3/15/2023,3/15/2023,TARGET 00027664091 SAN FRANCISCOCA,26.1,Supermarkets
3/15/2023,3/15/2023,WWW.WEWORK.COM 6467604450 NY,50.72,Services
3/16/2023,3/16/2023,8CHICK-FIL-A #04448 DALY CITY CA,14.93,Restaurants
3/16/2023,3/16/2023,CCBILL.COM 888-5969279 AZ,15.95,Merchandise
3/16/2023,3/16/2023,CLAIRE'S #6154 DALY CITY CA,134.04,Merchandise
3/16/2023,3/16/2023,UNIQLO USA LLC NEW YORK NY,109.44,Merchandise
3/17/2023,3/17/2023,PAMF PA ONLINE BILL PAY 877-252-1777 CA,938.85,Medical Services
3/17/2023,3/17/2023,THE BLACKSMITH REDWOOD CITY CA,48.56,Restaurants
3/17/2023,3/17/2023,TMOBILE*AUTO PAY 800-937-8997 WAITEM TRANSFERRED FROM PREV ACCOUNT,111.63,Merchandise
3/18/2023,3/18/2023,CCBILL.COM 888-5969279 AZ,5.3,Merchandise
3/18/2023,3/18/2023,WHOLEFDS SMT 10150 SAN MATEO CA,75.81,Supermarkets
3/19/2023,3/19/2023,99 RANCH #1782 FOSTER CITY CA,2.18,Supermarkets
3/19/2023,3/19/2023,AMAZON.COM*HC36Y7EF2 AMZN.COM/BILLWA34CR0MRNJL8,15.19,Merchandise
3/19/2023,3/19/2023,AMZN MKTP US*HC2FL3H21 AMZN.COM/BILLWA5X42XPX36E6,5.47,Merchandise
3/19/2023,3/19/2023,APPLE.COM/BILL 866-712-7753 CAAPPLE PAY ENDING IN 1455MMWD3HW7YFA0,5.29,Merchandise
3/19/2023,3/19/2023,ONEPASS 877-515-9364 MN77847,125.1,Services
3/19/2023,3/19/2023,SQ *SPECIAL POPUP MENLO PARK CA0001152921512584397815,33,Supermarkets
3/20/2023,3/20/2023,CHATGPT SUBSCRIPTION 4158799686 CA,20,Merchandise
3/20/2023,3/20/2023,OTF SOUTH SAN FRAN 1266 650-8262009 CA,130.76,Travel/ Entertainment
3/21/2023,3/21/2023,INTERNET PAYMENT - THANK YOU,-1079.82,Payments and Credits
3/21/2023,3/21/2023,TIXR* MIDWAYSF BOILER 8189626635 CA,55,Merchandise
3/22/2023,3/22/2023,ATI8363-032236444 310-627-2866 CAAPPLE PAY ENDING IN 1455,5,Travel/ Entertainment
3/22/2023,3/22/2023,O'REILLY AUTO PARTS 6178 SOUTH SAN FRACA,48.34,Automotive
3/22/2023,3/22/2023,O'REILLY AUTO PARTS 6178 SOUTH SAN FRACA,58.22,Automotive
3/22/2023,3/22/2023,TCKTWEB*CRUMBAUTOMATIC 800-965-4827 CA945734576F17G0X2,40.66,Travel/ Entertainment
3/22/2023,3/22/2023,TM *UNKNOWN MORTAL ORC 800-653-8000 CANCA/43-24774,53.25,Travel/ Entertainment
3/22/2023,3/22/2023,WOODLANDS MARKETS SAN FRANCISCOCA,58.95,Supermarkets
3/23/2023,3/23/2023,INTERNET PAYMENT - THANK YOU,-1582.05,Payments and Credits
3/24/2023,3/24/2023,APPLE.COM/BILL 866-712-7753 CAAPPLE PAY ENDING IN 1455MMWD3KNN9SA0,6.35,Merchandise
3/24/2023,3/24/2023,CAFFE CENTRAL BURLINGAME CA,30.82,Restaurants
3/24/2023,3/24/2023,OTF SOUTH SAN FRAN 1266 650-8262009 CA,5.49,Travel/ Entertainment
3/24/2023,3/26/2023,CHATGPT SUBSCRIPTION 4158799686 CA,-20,Payments and Credits
3/25/2023,3/25/2023,CARLS JR SID 1101051 SAN JOSE CA,15.74,Restaurants
3/25/2023,3/25/2023,GP SPORTS - CA SAN JOSE CA,43.7,Merchandise
3/25/2023,3/25/2023,PACIFIC MOTORCYCLE TRAIN LIVERMORE CA,350,Education
3/26/2023,3/26/2023,CLR*STRETCHLAB SAN FRANCISCOCACLR*STRETCHLAB,17.36,Medical Services
3/26/2023,3/26/2023,SQ *NICK THE GREEK OYS SOUTH SAN FRACA0002305843017289917533,12.92,Restaurants
3/26/2023,3/26/2023,TARGET 00010546091 SAN BRUNO CA,72.47,Supermarkets
3/26/2023,3/26/2023,UNION 76 MILLBRAE CA,51.44,Gasoline
3/27/2023,3/27/2023,CITY OF SM PW PARKING ME SAN MATEO CA,1.5,Services
3/27/2023,3/27/2023,OTF SAN MATEO 650-4870404 CA,4.39,Travel/ Entertainment
3/27/2023,3/27/2023,SPROUTS FARMERS MARSSS DALY CITY CA,63.73,Supermarkets
3/28/2023,3/28/2023,BART-PARKING MILLBRAE MILLBRAE CA,3,Services
3/28/2023,3/28/2023,SQ *THE FILLMORE SAN F LOS ANGELES CA0002305843017301326405,31.86,Restaurants
3/28/2023,3/28/2023,TIXR* MIDWAYSF ELECTRI 8189626635 CA,68.78,Merchandise
3/28/2023,3/28/2023,UNIQLO USA LLC NEW YORK NY,87.68,Merchandise
3/28/2023,3/28/2023,UNKNOWN MORTAL ORCHEST 6502396947 ME,115.5,Merchandise
3/29/2023,3/29/2023,CCBILL.COM 888-5969279 AZ,11.16,Merchandise
3/29/2023,3/29/2023,STORE*BENS FAST FOOD 6506819470 CA,9.81,Restaurants
3/29/2023,3/29/2023,UBER TRIP 866-576-1039 CA,11.97,Travel/ Entertainment
3/29/2023,3/29/2023,UBER TRIP 866-576-1039 CA,13.94,Travel/ Entertainment
3/30/2023,3/30/2023,DISNEYPLUS 888-905-7888 CADISNEYPLUS,109.99,Services
3/30/2023,3/30/2023,MQ HEALTHY FAST FOOD MILLBRAE CA,16.12,Restaurants
4/1/2023,4/1/2023,CA ACAD. OF SCIENCES O SAN FRANCISCOCATXNREF12345,147.75,Services
4/1/2023,4/1/2023,CALIFORNIA ACAD SCIENCES SAN FRANCISCOCA,27.16,Merchandise
4/1/2023,4/1/2023,SPOTIFY P221EA32B1 8777781161 NY,4.99,Merchandise
4/1/2023,4/1/2023,SQ *LUCHO?S SAN FRANCISCOCA0001152921512631103478,30.51,Restaurants
4/1/2023,4/3/2023,NETFLIX.COM NETFLIX.COM CAITEM TRANSFERRED FROM PREV ACCOUNT,10.59,Merchandise
4/1/2023,4/3/2023,PLANNED PARENTHOOD ACTIO NEW YORK NY,5,Services
4/2/2023,4/2/2023,ONEPASS 877-515-9364 MN89085,125.1,Services
4/2/2023,4/2/2023,ONEPASS 877-515-9364 MN87520,139,Services
4/2/2023,4/2/2023,UBER TRIP 866-576-1039 CA,14.98,Travel/ Entertainment
4/2/2023,4/3/2023,KRYSTAL AND SAAGAR 2025317527 DCITEM TRANSFERRED FROM PREV ACCOUNT,10,Merchandise
4/3/2023,4/3/2023,AMAZON.COM*HS1342CV1 AMZN.COM/BILLWA1E81FBKFHJL,30.38,Merchandise
4/3/2023,4/3/2023,AMZN MKTP US*HS5FE4ER0 AMZN.COM/BILLWA4340TRTHK9K,45,Merchandise
4/3/2023,4/3/2023,AUTOMATIC STATEMENT CREDIT,-57.91,Awards and Rebate Credits
4/3/2023,4/3/2023,GOOGLE *YT PRIMETIME G.CO/HELPPAY#CAP0QJ0JW7,15.89,Services
4/3/2023,4/3/2023,SPROUTS FARMERS MARSSS DALY CITY CAAPPLE PAY ENDING IN 1455,54.61,Supermarkets
4/3/2023,4/3/2023,UNION STREET PLAZA GARAG SAN FRANCISCOCA,30,Services
4/5/2023,4/5/2023,CLAIRE'S #6827 SAN MATEO CA,26.3,Merchandise
4/5/2023,4/5/2023,CLR*RUMBLEBOX 415-651-2297 CACLR*RUMBLEBOX,35,Travel/ Entertainment
4/5/2023,4/5/2023,EDDYS MARKET SAN FRANCISCOCA,12.26,Supermarkets
4/5/2023,4/5/2023,INTERNET PAYMENT - THANK YOU,-2889.63,Payments and Credits
4/5/2023,4/5/2023,KJ PRODUCE MARKET SAN FRANCISCOCA,7.17,Supermarkets
4/5/2023,4/5/2023,KJ PRODUCE MARKET SAN FRANCISCOCA,7.98,Supermarkets
4/5/2023,4/5/2023,OBSIDIAN.MD 2262203323 CAN,10,Merchandise
4/5/2023,4/5/2023,TARGET 00011221091 SAN MATEO CA,10.66,Supermarkets
4/5/2023,4/5/2023,USPS PO 0510320110 BURLINGAME CA,16.94,Government Services
4/6/2023,4/6/2023,A MEDIUM CORPORATION 415-508-5008 CA,50,Services
4/6/2023,4/6/2023,AMZN MKTP US*HS5PF6200 AMZN.COM/BILLWAI0JU9V579DE,15.34,Merchandise
4/6/2023,4/6/2023,SQ *OCEANIC FOOT SPA BURLINGAME CA0001152921512650004010,40,Services
4/7/2023,4/7/2023,APPLE.COM/BILL 866-712-7753 CAAPPLE PAY ENDING IN 1455MMWD4T3J6FA0,9.99,Merchandise
4/7/2023,4/7/2023,CAFFE CENTRAL BURLINGAME CA,25.88,Restaurants
4/7/2023,4/7/2023,TARGET 00011221091 SAN MATEO CA,31.37,Supermarkets
4/8/2023,4/8/2023,ANDERSEN BAKERY #03 SAN FRANCISCOCA,4.13,Merchandise
4/8/2023,4/8/2023,ANDERSEN BAKERY #03 SAN FRANCISCOCA,6.05,Merchandise
4/8/2023,4/8/2023,IMPARK00270201A SAN FRANCISCOCA00811R,20,Services
4/8/2023,4/8/2023,SP YN MOTO 5125372651 TX,127.94,Merchandise
4/9/2023,4/9/2023,CLR*YOGASIX6505342692 650-534-2692 CACLR*YOGASIX6505342692,3,Travel/ Entertainment
4/9/2023,4/9/2023,GOOGLE *YOUTUBE TV G.CO/HELPPAY#CAP0QT7VHG,64.99,Services
4/9/2023,4/9/2023,SPEEDWAY 04976 501 SERRA DALY CITY CAAPPLE PAY ENDING IN 1455,48.23,Gasoline
4/9/2023,4/9/2023,TST* RAD RADISH - HAYES SAN FRANCISCOCAAPPLE PAY ENDING IN 1455,6.43,Restaurants
4/9/2023,4/9/2023,TST* RAD RADISH - HAYES SAN FRANCISCOCAAPPLE PAY ENDING IN 1455,7.72,Restaurants
4/10/2023,4/10/2023,AMZN MKTP US*HS98J9992 AMZN.COM/BILLWA10V0LDVGEHP,16.65,Merchandise
4/10/2023,4/10/2023,APPLE.COM/BILL 111-111-1111 CAAPPLE PAY ENDING IN 1455,16.95,Merchandise
4/10/2023,4/10/2023,CARBON HEALTH 4152002133 CA,32.48,Medical Services
4/10/2023,4/10/2023,CARBON HEALTH 4152002133 CA,34.05,Medical Services
4/10/2023,4/10/2023,CLR*RUMBLEBOX 415-651-2297 CACLR*RUMBLEBOX,3,Travel/ Entertainment
4/10/2023,4/10/2023,CLR*RUMBLEBOX 415-651-2297 CACLR*RUMBLEBOX,8.72,Travel/ Entertainment
4/11/2023,4/11/2023,TARGET 00011221091 SAN MATEO CA,38.45,Supermarkets
4/12/2023,4/12/2023,AMZN MKTP US*HJ93E3E01 AMZN.COM/BILLWA1URTK5EZBVP,44.46,Merchandise
4/12/2023,4/12/2023,ETSY.COM BROOKLYN NY,34.28,Merchandise
4/12/2023,4/12/2023,ETSY.COM BROOKLYN NY,80.03,Merchandise
4/13/2023,4/13/2023,AMZN MKTP US*HJ60P7VT1 AMZN.COM/BILLWA75F0LN503JI,9.86,Merchandise
4/13/2023,4/13/2023,APPLE.COM/BILL 866-712-7753 CAAPPLE PAY ENDING IN 1455MMWD54F3Z0A0,13.21,Merchandise
4/13/2023,4/13/2023,"LOWE'S OF SAN BRUNO, CA SAN BRUNO CA",23.91,Home Improvement
4/13/2023,4/13/2023,SP HOOOYI 3037328232 COAPPLE PAY ENDING IN 1455,56.76,Merchandise
4/14/2023,4/14/2023,2OAKLAND ARENA OAKLAND CA,32.97,Restaurants
4/14/2023,4/14/2023,CCBILL.COM 888-5969279 AZ,12.76,Merchandise
4/14/2023,4/14/2023,DELTA AIR LINES 18002211212 ESP,21.66,Travel/ Entertainment
4/14/2023,4/14/2023,DELTA AIR LINES 18002211212 ESP,21.66,Travel/ Entertainment
4/14/2023,4/14/2023,SAN FRANCISCO GIFT BASKE SAN FRANCISCOCA,9.22,Merchandise
4/14/2023,4/14/2023,SPROUTS FARMERS MARSSS DALY CITY CA,64.05,Supermarkets
4/14/2023,4/14/2023,STATE FARM INSURANCE 800-956-6310 ILITEM TRANSFERRED FROM PREV ACCOUNT,80.04,Merchandise
4/15/2023,4/15/2023,CYCLE GEAR # 7 REDWOOD CITY CA,126.33,Merchandise
4/15/2023,4/15/2023,FASTRAK CSC 415-486-8655 CA,25,Travel/ Entertainment
4/16/2023,4/16/2023,PAYPAL *CRUNCHYROLL 402-935-7733 CA,7.99,Services
4/17/2023,4/17/2023,AMAZON.COM*HJ7H69R52 AMZN.COM/BILLWA57IRUNRC7SV,19.72,Merchandise
4/17/2023,4/17/2023,AMZN MKTP US*HV6D31LD1 AMZN.COM/BILLWA14WFRYTH47Q,87.68,Merchandise
4/17/2023,4/17/2023,APPLE.COM/BILL 111-111-1111 CAAPPLE PAY ENDING IN 1455,7.41,Merchandise
4/17/2023,4/17/2023,CLR*RUMBLEBOX 415-651-2297 CACLR*RUMBLEBOX,3.27,Travel/ Entertainment
4/17/2023,4/17/2023,TMOBILE*AUTO PAY 800-937-8997 WAITEM TRANSFERRED FROM PREV ACCOUNT,111.63,Merchandise
4/18/2023,4/18/2023,AMAZON.COM*HV4IJ05Z0 AMZN.COM/BILLWA29M6LQUY1BI,32.28,Merchandise
4/18/2023,4/18/2023,INTERNET PAYMENT - THANK YOU,-1494.12,Payments and Credits
4/18/2023,4/18/2023,TARGET 00011221091 SAN MATEO CA,50.28,Supermarkets
4/19/2023,4/19/2023,AMZN MKTP US*HV90Z6VC1 AMZN.COM/BILLWA6STDXXU2MRT,54.8,Merchandise
4/19/2023,4/19/2023,AMZN MKTP US*HV9ED2S00 AMZN.COM/BILLWA2XDC3WJ46KV,32.88,Merchandise
4/19/2023,4/19/2023,CLR*CLUBPILATE6507537022 650-753-7022 CACLR*CLUBPILATE6507537022,15.31,Travel/ Entertainment
4/19/2023,4/19/2023,SHELL57444214001 PALO ALTO CA,51.27,Gasoline
4/19/2023,4/19/2023,TACO BELL #28833 PALO ALTO CA,10.36,Restaurants
4/20/2023,4/20/2023,AMZN MKTP US*HV1OO79T0 AMZN.COM/BILLWA10EAGXVLDT8,47.06,Merchandise
4/20/2023,4/20/2023,CHIPOTLE 2028 SAN MATEO CA,10.58,Restaurants
4/20/2023,4/20/2023,WHOLEFDS SMT 10150 SAN MATEO CA,58.65,Supermarkets
4/20/2023,4/21/2023,AMZN MKTP US AMZN.COM/BILLWA5M9FP4POTTV,-44.46,Payments and Credits
4/21/2023,4/21/2023,SAFEWAY #1547 BURLINGAME CA,38.02,Supermarkets
4/21/2023,4/21/2023,SPROUTS FARMERS MARSSS DALY CITY CA,90.75,Supermarkets
4/21/2023,4/21/2023,WHOLEFDS SMT 10150 SAN MATEO CA,10.94,Supermarkets
4/22/2023,4/22/2023,AMZN MKTP US*HV1M40IE2 AMZN.COM/BILLWA1APFOI5XAOD,76.73,Merchandise
4/22/2023,4/22/2023,AMZN MKTP US*HV9NY89Q2 AMZN.COM/BILLWANOP9X4US30V,49.15,Merchandise
4/22/2023,4/22/2023,SP LONELY PLANET 7049712300 SC,12.95,Merchandise
4/22/2023,4/22/2023,SP LONELY PLANET 7049712300 SC,14.95,Merchandise
4/23/2023,4/23/2023,SQ *CURRY UP NOW REDWOOD CITY CA0001152921512707391632,26.23,Restaurants
4/23/2023,4/23/2023,SQ *NEIGHBOR SAN FRANCISCOCA0001152921512705647885,11.36,Restaurants
4/23/2023,4/23/2023,SQ *WOOLY PIG SAN FRANCISCOCA0002305843017457924686,8.52,Restaurants
4/25/2023,4/25/2023,ALASKA AIRLINES 2064333200 WA,63.9,Travel/ Entertainment
4/25/2023,4/25/2023,AMZN MKTP US*HF1PU7QE0 AMZN.COM/BILLWA17OPPZ38VUH,35.93,Merchandise
4/25/2023,4/25/2023,AMZN MKTP US*HF3HV8SM0 AMZN.COM/BILLWA2ZA3WREJCJF,40.31,Merchandise
4/25/2023,4/25/2023,ARCO#04495SINO AMERICAN SAN MATEO CA,48.88,Gasoline
4/25/2023,4/25/2023,DELTA AIR LINES 18002211212 CA,53.9,Travel/ Entertainment
4/25/2023,4/25/2023,SPROUTS FARMERS MARSSS DALY CITY CA,76.4,Supermarkets
4/25/2023,4/25/2023,THE SPORTS PAGE INC MOUNTAIN VIEWCA,49.83,Restaurants
4/26/2023,4/26/2023,AMZN MKTP US*HF1UJ6BP1 AMZN.COM/BILLWA7I8XIMJAU3F,119.49,Merchandise
4/26/2023,4/26/2023,CCBILL.COM 888-5969279 AZ,7.43,Merchandise
4/26/2023,4/26/2023,CCBILL.COM 888-5969279 AZ,13.81,Merchandise
4/26/2023,4/26/2023,OTF SOUTH SAN FRAN 1266 650-8262009 CA,22,Travel/ Entertainment
4/27/2023,4/27/2023,AFFIRM.COM PAYMENTS 8554233729 CA,51.52,Merchandise
4/28/2023,4/28/2023,BEST BUY 00001404295 SAN CARLOS CA,157.47,Merchandise
4/29/2023,4/29/2023,MIDWAY CATERING SAN FRANCISCOCA,36.23,Restaurants
4/29/2023,4/29/2023,SQ *MY FAVORITE SAN FRANCISCOCA0001152921512729075030,27.16,Merchandise
4/29/2023,4/29/2023,SQ *ROSE GOLD'S TATTOO SAN FRANCISCOCA0002305843017492799212,255.09,Merchandise
4/29/2023,4/29/2023,SQ *WAKE CUP* GOSQ.COM CAAPPLE PAY ENDING IN 14550001152921512729126492,13.91,Restaurants
4/29/2023,4/29/2023,TCB*MTA METER MTA P 415-701-2311 CA,2.34,Services
4/30/2023,4/30/2023,CLR*YOGASIX6505342692 650-534-2692 CACLR*YOGASIX6505342692,6,Travel/ Entertainment
4/30/2023,4/30/2023,UBER TRIP 866-576-1039 CA,12.15,Travel/ Entertainment
4/30/2023,4/30/2023,UBER TRIP 866-576-1039 CA,35.91,Travel/ Entertainment
5/1/2023,5/1/2023,AMAZON.COM*HM0XF3PK1 AMZN.COM/BILLWA1DY6V72UBYO,32.28,Merchandise
5/1/2023,5/1/2023,CHATGPT SUBSCRIPTION 4158799686 CA,20,Merchandise
5/1/2023,5/1/2023,FD *CA DMV 593 *SVC 800-777-0133 CA,0.7,Government Services
5/1/2023,5/1/2023,FD *CA DMV 593 *SVC 800-777-0133 CA,0.87,Government Services
5/1/2023,5/1/2023,FD *CA DMV 593 SAN MATEO CA,41,Government Services
5/1/2023,5/1/2023,SPOTIFY P22C8F28A6 8777781161 NY,4.99,Merchandise
5/1/2023,5/2/2023,FD *CA DMV 593 *SVC 800-777-0133 CA,-0.7,Payments and Credits
5/1/2023,5/3/2023,NETFLIX.COM NETFLIX.COM CAITEM TRANSFERRED FROM PREV ACCOUNT,10.59,Merchandise
5/1/2023,5/3/2023,PLANNED PARENTHOOD ACTIO NEW YORK NY,5,Services
5/2/2023,5/2/2023,ONEPASS 877-515-9364 MN101843,125.1,Services
5/2/2023,5/2/2023,ONEPASS 877-515-9364 MN100417,139,Services
5/2/2023,5/3/2023,BROADWAY VALERO BURLINGAME CA,48.84,Gasoline
5/2/2023,5/3/2023,GOLDEN BOY PIZZA SM SAN MATEO CA,32.68,Restaurants
5/2/2023,5/3/2023,KRYSTAL AND SAAGAR 2025317527 DCITEM TRANSFERRED FROM PREV ACCOUNT,10,Merchandise
5/2/2023,5/3/2023,TCB*MTA METER MTA P 415-701-2311 CA,6,Services
5/3/2023,5/3/2023,AUTOMATIC STATEMENT CREDIT,-46.32,Awards and Rebate Credits
5/3/2023,5/3/2023,GOOGLE *YT PRIMETIME G.CO/HELPPAY#CAP0RU2YP6,15.89,Services
5/3/2023,5/3/2023,INTERNET PAYMENT - THANK YOU,-2069.29,Payments and Credits
5/3/2023,5/3/2023,OTF SAN MATEO 650-4870404 CA,4.39,Travel/ Entertainment
5/3/2023,5/3/2023,STORE*STICK & STEAM 6506819470 CAAPPLE PAY ENDING IN 1455,29.59,Restaurants
5/3/2023,5/3/2023,VENMO *ASACKOFPOTATOE 312-257-2300 NY,45.41,Restaurants
5/4/2023,5/4/2023,AMZN MKTP US*L72039SM3 AMZN.COM/BILLWA7I09WRJXWE2,98.65,Merchandise
5/4/2023,5/4/2023,COURSRA155309EGAS725U 650-963-9884 CA,49,Education
5/4/2023,5/4/2023,COURSRA92N5SOTLK7TT8U 650-963-9884 CA,49,Education
5/4/2023,5/4/2023,FASTRAK CSC 415-486-8655 CA,25,Travel/ Entertainment
5/4/2023,5/4/2023,INTERVIEW QUERY 6504513704 CA,59,Services
5/4/2023,5/4/2023,SP MANDUKA 3104261495 CAAPPLE PAY ENDING IN 1455,109.63,Merchandise
5/4/2023,5/4/2023,SP PACSAFE 2067227233 WA,96.47,Merchandise
5/4/2023,5/4/2023,SPROUTS FARMERS MARSSS DALY CITY CA,110.58,Supermarkets
5/4/2023,5/4/2023,TARGET 00014076091 DALY CITY CA,54.5,Supermarkets
5/6/2023,5/6/2023,ATI10845-05060180 310-627-2866 CAAPPLE PAY ENDING IN 1455,33.2,Travel/ Entertainment
5/6/2023,5/6/2023,CENTURY THEATRES 494 SAN BRUNO CA0494008A7A38,10.95,Travel/ Entertainment
5/6/2023,5/6/2023,PP*COASTAL CURL OAKLAND CA,150,Services
5/6/2023,5/6/2023,SQ *MATCHA CAFE MAIKO SAN FRANCISCOCA0001152921512757654100,12.86,Restaurants
5/7/2023,5/7/2023,APPLE.COM/BILL 866-712-7753 CAAPPLE PAY ENDING IN 1455MMWD6V6T19A0,9.99,Merchandise
5/7/2023,5/7/2023,APPLE.COM/BILL 866-712-7753 CAAPPLE PAY ENDING IN 1455MMWD6MTHKDA0,38.14,Merchandise
5/7/2023,5/7/2023,CRUMBL* SHIPPING 8014101313 UT,68.04,Supermarkets
5/7/2023,5/7/2023,DAISO BA07 JPN TOWN UBOC SAN FRANCISCOCA,4.75,Merchandise
5/7/2023,5/7/2023,SQ *THE EPICUREAN TRAD SAN FRANCISCOCA0001152921512760635944,44.49,Supermarkets
5/7/2023,5/7/2023,WEST COAST CONFECTION 4252207805 CA,40,Merchandise
5/8/2023,5/8/2023,7-ELEVEN 27768 SUNNYVALE CA,7.23,Gasoline
5/8/2023,5/8/2023,AAA REDWOOD CITY REDWOOD CITY CA22314,20,Services
5/8/2023,5/8/2023,SQ *TACOS EL NOA NOA SUNNYVALE CA0001152921512766409329,13.35,Restaurants
5/9/2023,5/9/2023,BERT'S STADIUM SPORTS BA SUNNYVALE CA,60,Restaurants
5/9/2023,5/9/2023,CITY OF SM PW PARKING ME SAN MATEO CA,1,Services
5/9/2023,5/9/2023,GOOGLE *YOUTUBE TV G.CO/HELPPAY#CAP0RE6BVI,72.99,Services
5/9/2023,5/9/2023,TST* CHE FICO SAN FRANCISCOCA00043356011644879331AA,96.47,Restaurants
5/9/2023,5/9/2023,USPS PO 0568940251 SAN MATEO CA,38.18,Government Services
5/10/2023,5/10/2023,CHIPOTLE 2028 SAN MATEO CA,13.7,Restaurants
5/10/2023,5/10/2023,WHOLEFDS SMT 10150 SAN MATEO CA,61.62,Supermarkets
5/11/2023,5/11/2023,AFFIRM.COM PAYMENTS 8554233729 CA,51.52,Merchandise
5/11/2023,5/11/2023,AMZN MKTP US*1Q97M66P3 AMZN.COM/BILLWA31PBDZEL4IV,35.68,Merchandise
5/11/2023,5/11/2023,APPLE.COM/BILL 866-712-7753 CAAPPLE PAY ENDING IN 1455MMWD73MWTBA0,16.95,Merchandise
5/11/2023,5/11/2023,CCBILL.COM 888-5969279 AZ,9.66,Merchandise
5/11/2023,5/11/2023,UBER TRIP 866-576-1039 CA,1,Travel/ Entertainment
5/11/2023,5/11/2023,UBER TRIP 866-576-1039 CA,3,Travel/ Entertainment
5/11/2023,5/11/2023,UBER TRIP 866-576-1039 CA,13.9,Travel/ Entertainment
5/11/2023,5/11/2023,UBER TRIP 866-576-1039 CA,14.98,Travel/ Entertainment
5/12/2023,5/12/2023,BEST OF THAI NOODLE SAN FRANCISCOCA,45.3,Restaurants
5/12/2023,5/12/2023,CROSSROADS TRADING CO- SAN FRANCISCOCA,36.54,Merchandise
5/12/2023,5/12/2023,GOODWILL OF SAN FRANCI SAN FRANCISCOCA,10,Merchandise
5/12/2023,5/12/2023,SP KAYO ANIME CLOT 6463129658 CA,117.32,Merchandise
5/12/2023,5/12/2023,SQUARE ENIX 310-846-0345 CASQUARE ENIX,77.94,Travel/ Entertainment
5/13/2023,5/13/2023,DOG PATCH SFO T1 SAN FRANCISCOCA,8.8,Restaurants
5/13/2023,5/13/2023,MOTEL SAKURA GLENDALE CA,190.4,Travel/ Entertainment
5/13/2023,5/13/2023,SQ *ROSE BOWL SPECIAL PASADENA CA0001152921512786603081,35.72,Restaurants
5/13/2023,5/13/2023,SQ *ROSE BOWL SPECIAL SAN DIEGO CA0001152921512785339827,5.29,Restaurants
5/13/2023,5/13/2023,UBER TRIP 866-576-1039 CA,16.73,Travel/ Entertainment
5/13/2023,5/13/2023,UBER TRIP 866-576-1039 CA,18.93,Travel/ Entertainment
5/13/2023,5/13/2023,UBER TRIP 866-576-1039 CA,42.98,Travel/ Entertainment
5/13/2023,5/13/2023,UBER* TRIP 8665761039 CA,5,Travel/ Entertainment
5/13/2023,5/13/2023,UBER* TRIP 8665761039 CA,66.92,Travel/ Entertainment
5/14/2023,5/14/2023,HARVARD BUS EDUCATION 617-783-7600 MA4373424,51.25,Merchandise
5/14/2023,5/14/2023,PY *URBAN REMEDY UNION S SAN FRANCISCOCA,19.53,Supermarkets
5/14/2023,5/14/2023,SQ *GIO GELATO ITALIAN SAN FRANCISCOCA0001152921512789145824,10.68,Supermarkets
5/14/2023,5/14/2023,SQ *THE ITALIAN HOMEMA SAN FRANCISCOCA0001152921512788602132,19.16,Restaurants
5/14/2023,5/14/2023,UBER TRIP 866-576-1039 CA,5,Travel/ Entertainment
5/14/2023,5/14/2023,UBER TRIP 866-576-1039 CA,15.94,Travel/ Entertainment
5/15/2023,5/15/2023,CARBON HEALTH 4152002133 CA,33.82,Medical Services
5/15/2023,5/15/2023,LYFT *1 RIDE 05-13 855-865-9553 CA,86.99,Travel/ Entertainment
5/16/2023,5/16/2023,AMAZON.COM*QU3PZ72H3 AMZN.COM/BILLWA38UH4KR2QQY,22.08,Merchandise
5/16/2023,5/16/2023,AMZN MKTP US*FY8F70SH3 AMZN.COM/BILLWA7E3FBWDH7Z7,71,Merchandise
5/16/2023,5/16/2023,F45 REDWOOD CITY 4085987324 CA,30,Travel/ Entertainment
5/16/2023,5/16/2023,F45 REDWOOD CITY 4085987324 CA,30,Travel/ Entertainment
5/16/2023,5/16/2023,INTERNET PAYMENT - THANK YOU,-2729.82,Payments and Credits
5/16/2023,5/16/2023,PAYPAL *CRUNCHYROLL 402-935-7733 CA,7.99,Services
5/16/2023,5/16/2023,SPROUTS FARMERS MARSSS DALY CITY CA,163.03,Supermarkets
5/16/2023,5/16/2023,STATE FARM INSURANCE 800-956-6310 ILITEM TRANSFERRED FROM PREV ACCOUNT,88.02,Merchandise
5/16/2023,5/16/2023,TARGET 00010546091 SAN BRUNO CA,141.05,Supermarkets
5/17/2023,5/17/2023,AMZN MKTP US*DJ7439SE3 AMZN.COM/BILLWA6QCKAISGTB5,39.17,Merchandise
5/17/2023,5/17/2023,APPLE.COM/BILL 866-712-7753 CAAPPLE PAY ENDING IN 1455MMWD782JWVA0,3.17,Merchandise
5/17/2023,5/17/2023,ONNIT 6827428 855-666-4899 TX,40.23,Supermarkets
5/17/2023,5/17/2023,POPEYES 12433 MILPITAS CA,11.68,Restaurants
5/17/2023,5/17/2023,SAN ANTONIO VALERO MOUNTAIN VIEWCA,55.19,Gasoline
5/17/2023,5/17/2023,TMOBILE*AUTO PAY 800-937-8997 WAITEM TRANSFERRED FROM PREV ACCOUNT,111.63,Merchandise
5/17/2023,5/17/2023,WALGREENS #0625 MILLBRAE CA,30.73,Merchandise
5/18/2023,5/18/2023,APPLE.COM/BILL 866-712-7753 CAAPPLE PAY ENDING IN 1455MMWD7LYDGHA0,7.41,Merchandise
5/18/2023,5/18/2023,BONOBOS 1-877-294-7737 NEW YORK NY,154.35,Merchandise
5/18/2023,5/18/2023,F45 TRAINING SAN MATEO 6502740896 CA,25,Travel/ Entertainment
5/18/2023,5/18/2023,F45 TRAINING SAN MATEO 6502740896 CA,25,Travel/ Entertainment
5/19/2023,5/19/2023,ASICS CORPORATION IRVINE CA,159.55,Merchandise
5/19/2023,5/19/2023,FEDEX940837088448 901-4348994 TN,4.05,Services
5/19/2023,5/19/2023,LA DOLCE VITA GELATO MILPITAS CA,10.7,Restaurants
5/19/2023,5/19/2023,MINISO GREAT MALL MILPITAS CA,36.75,Merchandise
5/19/2023,5/19/2023,SPROUTS FARMERS MARSSS DALY CITY CA,57.5,Supermarkets
5/19/2023,5/19/2023,TARGET 00003202091 DALY CITY CA,24.04,Supermarkets
5/20/2023,5/20/2023,CLR*YOGASIX6505342692 650-534-2692 CACLR*YOGASIX6505342692,34.61,Travel/ Entertainment
5/20/2023,5/20/2023,GOLDEN BOY PIZZA SM SAN MATEO CA,15.96,Restaurants
5/20/2023,5/20/2023,REI #83 SAN FRANCISCO SAN FRANCISCOCA2008440830256457,72.75,Merchandise
5/20/2023,5/20/2023,UNIQLO USA LLC NEW YORK NY,76.45,Merchandise
5/20/2023,5/20/2023,UNIQLO USA LLC NEW YORK NY,163.8,Merchandise
5/21/2023,5/21/2023,CCBILL.COM 888-5969279 AZ,10.63,Merchandise
5/21/2023,5/21/2023,FASTRAK CSC 415-486-8655 CA,25,Travel/ Entertainment
5/21/2023,5/21/2023,SHELL57444215701 SAN MATEO CA,50.31,Gasoline
5/21/2023,5/21/2023,THE SPORTS BASEMENT REDW REDWOOD CITY CA,27.17,Merchandise
5/22/2023,5/22/2023,"1-800 CONTACTS, INC. 800-266-8228 UT",0.01,Medical Services
5/22/2023,5/22/2023,"1-800 CONTACTS, INC. 800-266-8228 UT",129.97,Medical Services
5/22/2023,5/22/2023,AMZN MKTP US*0B1421OH3 AMZN.COM/BILLWA14Q5CF71KPK,32.88,Merchandise
5/22/2023,5/22/2023,AMZN MKTP US*GR55S7T43 AMZN.COM/BILLWA4C1XM6PKYDW,60.24,Merchandise
5/22/2023,5/22/2023,CARBON HEALTH 4152002133 CA,14.28,Medical Services
5/22/2023,5/22/2023,F45 REDWOOD CITY 4085987324 CA,30,Travel/ Entertainment
5/22/2023,5/22/2023,GA INST TECH PAYPATH 9135996699 KS,932,Education
5/22/2023,5/22/2023,TARGET 00011221091 SAN MATEO CA,8.5,Supermarkets
5/22/2023,5/22/2023,TN GA INST TECH PAYPATH 9135996699 KS,27.49,Education
5/23/2023,5/23/2023,ADIDAS 6531 SAN FRANCI SAN FRANCISCOCA,92.38,Merchandise
5/23/2023,5/23/2023,AMZN MKTP US*NT1FI7NP3 AMZN.COM/BILLWA38ZGIH88Q02,82.21,Merchandise
5/23/2023,5/23/2023,ASICS CORPORATION IRVINE CA,159.55,Merchandise
5/23/2023,5/23/2023,CCBILL.COM 888-5969279 AZ,4.25,Merchandise
5/23/2023,5/23/2023,CCBILL.COM 888-5969279 AZ,7.43,Merchandise
5/23/2023,5/23/2023,CCBILL.COM 888-5969279 AZ,10.62,Merchandise
5/23/2023,5/23/2023,CCBILL.COM 888-5969279 AZ,10.62,Merchandise
5/23/2023,5/23/2023,FANTASYMATH.COM 9204509068 WI,79,Merchandise
5/23/2023,5/23/2023,SAFEWAY #2878 MILLBRAE CA,40.69,Supermarkets
5/23/2023,5/23/2023,SQ *SHAKE SHACK SAN MATEO CA0001152921512819154137,23.05,Restaurants
5/23/2023,5/23/2023,UBER TRIP 866-576-1039 CA,1,Travel/ Entertainment
5/23/2023,5/23/2023,UBER TRIP 866-576-1039 CA,7.49,Travel/ Entertainment
5/23/2023,5/23/2023,UBER TRIP 866-576-1039 CA,12.95,Travel/ Entertainment
5/23/2023,5/23/2023,UBER TRIP 866-576-1039 CA,49.98,Travel/ Entertainment
5/23/2023,5/23/2023,UBER* TRIP 8665761039 CA,8.98,Travel/ Entertainment
5/23/2023,5/23/2023,VENMO 855-812-4430 NY,74.68,Services
5/23/2023,5/23/2023,WALGREENS #0625 MILLBRAE CA,9,Merchandise
5/25/2023,5/25/2023,AFFIRM.COM PAYMENTS 8554233729 CA,51.52,Merchandise
5/25/2023,5/25/2023,AMZN MKTP US*E264Z7NR3 AMZN.COM/BILLWA7IFZAHK9H1Z,17.9,Merchandise
5/25/2023,5/25/2023,AMZN MKTP US*NW3PJ48T3 AMZN.COM/BILLWA1VLDO5GHAK1,11.57,Merchandise
5/25/2023,5/25/2023,LEETCODE.COM 9167018853 CA,35,Merchandise
5/25/2023,5/25/2023,TST* SIMPLYCAKE SF SAN MATEO CA00082246011888581925AA,8.53,Restaurants
5/25/2023,5/25/2023,UBER* TRIP 8665761039 CA,1,Travel/ Entertainment
5/25/2023,5/25/2023,UBER* TRIP 8665761039 CA,8.96,Travel/ Entertainment
5/26/2023,5/26/2023,FARMER'S FRIDGE CHICAGO IL02677R,21.84,Supermarkets
5/26/2023,5/26/2023,SFO THE PLANT SAN FRANCISCOCA02667R,21.97,Restaurants
5/26/2023,5/26/2023,UBER TRIP 866-576-1039 CA,1,Travel/ Entertainment
5/26/2023,5/26/2023,UBER TRIP 866-576-1039 CA,20.02,Travel/ Entertainment
5/26/2023,5/26/2023,UBER* TRIP 8665761039 CA,1,Travel/ Entertainment
5/26/2023,5/26/2023,UNUSUAL TIMES EWR NEWARK NJ1593,46.24,Restaurants
5/27/2023,5/27/2023,LIM*RIDE COST 0974595221 FRAAPPLE PAY ENDING IN 14557.25 @ 00000001.0739293 EUR,7.79,Travel/ Entertainment
5/27/2023,5/27/2023,LIM*SUBSCRIPTION COST 0974595221 FRAAPPLE PAY ENDING IN 14557.99 @ 00000001.0739293 EUR,8.58,Travel/ Entertainment
5/27/2023,5/27/2023,TIQETS INC PA PAAPPLE PAY ENDING IN 1455,37.56,Travel/ Entertainment
5/27/2023,5/27/2023,TIQETS INC PA PAAPPLE PAY ENDING IN 1455,87.51,Travel/ Entertainment
5/27/2023,5/27/2023,UBER TRIP 866-576-1039 CA,41.72,Travel/ Entertainment
5/27/2023,5/27/2023,UBER TRIP 866-576-1039 CA,216.34,Travel/ Entertainment
5/28/2023,5/28/2023,AMAZON.COM*VS7RX0HD3 AMZN.COM/BILLWAQ8UCZKHE08I,22.08,Merchandise
5/28/2023,5/28/2023,LIM*RIDE COST 0974595221 FRAAPPLE PAY ENDING IN 14552.75 @ 00000001.0739293 EUR,2.95,Travel/ Entertainment
5/29/2023,5/29/2023,TIQETS INC PA PAAPPLE PAY ENDING IN 1455,36.48,Travel/ Entertainment
5/31/2023,5/31/2023,INTERNET PAYMENT - THANK YOU,-2432.53,Payments and Credits
5/31/2023,6/1/2023,ASICS CORPORATION IRVINE CA,-131.55,Payments and Credits
6/1/2023,6/1/2023,CHATGPT SUBSCRIPTION 4158799686 CA,20,Merchandise
6/1/2023,6/1/2023,DENT 036416349688 DEUAPPLE PAY ENDING IN 1455,7.99,Merchandise
6/1/2023,6/1/2023,SPOTIFY P2372B5402 8777781161 NY,4.99,Merchandise
6/1/2023,6/3/2023,NETFLIX.COM NETFLIX.COM CAITEM TRANSFERRED FROM PREV ACCOUNT,10.59,Merchandise
6/1/2023,6/3/2023,PLANNED PARENTHOOD ACTIO NEW YORK NY,5,Services
6/2/2023,6/2/2023,ONEPASS 877-515-9364 MN115996,125.1,Services
6/2/2023,6/2/2023,ONEPASS 877-515-9364 MN114582,139,Services
6/2/2023,6/3/2023,KRYSTAL AND SAAGAR 2025317527 DCITEM TRANSFERRED FROM PREV ACCOUNT,10,Merchandise
6/3/2023,6/3/2023,AUTOMATIC STATEMENT CREDIT,-80.78,Awards and Rebate Credits
6/3/2023,6/3/2023,GOOGLE *YT PRIMETIME G.CO/HELPPAY#CAP0SGQC6O,15.89,Services
6/4/2023,6/4/2023,INTERVIEW QUERY 6504513704 CA,59,Merchandise
6/5/2023,6/5/2023,ATI8363-060519302 310-627-2866 CAAPPLE PAY ENDING IN 1455,17.2,Travel/ Entertainment
6/6/2023,6/6/2023,APPLE.COM/BILL 866-712-7753 CAAPPLE PAY ENDING IN 1455MMWD90BDDSA0,9.99,Merchandise
6/8/2023,6/8/2023,AFFIRM.COM PAYMENTS 8554233729 CA,51.54,Merchandise
6/9/2023,6/9/2023,GOOGLE *YOUTUBE TV G.CO/HELPPAY#CAP0SQDURP,72.99,Services
6/9/2023,6/9/2023,TIQETS INC PA PAAPPLE PAY ENDING IN 1455,38.8,Travel/ Entertainment
6/11/2023,6/11/2023,PANDA EXPRESS #907 P 800-877-8988 CA,13.32,Restaurants
6/12/2023,6/12/2023,CCBILL.COM 888-5969279 AZ,10.63,Merchandise
6/13/2023,6/13/2023,AMAZON.COM*8Y6XC4UF3 AMZN.COM/BILLWA4DQ9YX77JH4,22.08,Merchandise
6/13/2023,6/13/2023,ETSY.COM BROOKLYN NYAPPLE PAY ENDING IN 1455,44.95,Merchandise
6/13/2023,6/13/2023,PANDA EXPRESS #907 P 800-877-8988 CAAPPLE PAY ENDING IN 1455,9.37,Restaurants
6/13/2023,6/13/2023,SPROUTS FARMERS MARSSS DALY CITY CA,91.74,Supermarkets
6/14/2023,6/14/2023,CCBILL.COM 888-5969279 AZ,10.62,Merchandise
6/14/2023,6/14/2023,FASTRAK VIOLATION CENT 415-486-8655 CA,12,Travel/ Entertainment
6/14/2023,6/14/2023,INTERNET PAYMENT - THANK YOU,-2487.02,Payments and Credits
6/14/2023,6/14/2023,LYFT *MEMB JUN 8552800278 CA,9.99,Travel/ Entertainment
6/14/2023,6/14/2023,STATE FARM INSURANCE 800-956-6310 ILITEM TRANSFERRED FROM PREV ACCOUNT,88.02,Merchandise
6/16/2023,6/16/2023,CCBILL.COM 888-5969279 AZ,12.92,Merchandise
6/16/2023,6/16/2023,PAYPAL *CRUNCHYROLL 402-935-7733 CA,7.99,Services
6/16/2023,6/16/2023,TOMO SUSHI AND TERIYAKI DALY CITY CA,18.68,Restaurants
6/16/2023,6/16/2023,VENMO 855-812-4430 NY,88.39,Services
6/17/2023,6/17/2023,APPLE.COM/BILL 111-111-1111 CAAPPLE PAY ENDING IN 1455,7.41,Merchandise
6/17/2023,6/17/2023,CCBILL.COM 888-5969279 AZ,8.49,Merchandise
6/17/2023,6/17/2023,CCBILL.COM 888-5969279 AZ,10.35,Merchandise
6/17/2023,6/17/2023,TMOBILE*AUTO PAY 800-937-8997 WAITEM TRANSFERRED FROM PREV ACCOUNT,111.63,Merchandise
6/18/2023,6/18/2023,APPLE.COM/BILL 866-712-7753 CAAPPLE PAY ENDING IN 1455MMWD99VN1VA0,20.12,Merchandise
6/19/2023,6/19/2023,1XDATASPELL SAN MATEO CA,79,Merchandise
6/21/2023,6/21/2023,ATI49980-06020339 310-627-2866 CAAPPLE PAY ENDING IN 1455,20.78,Travel/ Entertainment
6/25/2023,6/25/2023,LEETCODE.COM 9167018853 CA,35,Merchandise
6/25/2023,6/25/2023,WALGREENS #0625 MILLBRAE CA,21.77,Merchandise
6/26/2023,6/26/2023,AMZN MKTP US*EH8WL46Y3 AMZN.COM/BILLWA4NEEZLU4KD4,25.19,Merchandise
6/26/2023,6/26/2023,CCBILL.COM 888-5969279 AZ,7.43,Merchandise
6/26/2023,6/26/2023,USPS PO 0510350110 BURLINGAME CA,20.88,Government Services
6/26/2023,6/26/2023,USPS PO 0510350110 BURLINGAME CA,25.45,Government Services
6/27/2023,6/27/2023,AMAZON.COM*GP1TT39Y3 AMZN.COM/BILLWA5VH657BXUC9,22.08,Merchandise
6/27/2023,6/27/2023,AMZN MKTP US*D998272J3 AMZN.COM/BILLWA2HON34BLB2I,9.85,Merchandise
6/29/2023,6/29/2023,SQ *HOLY GELATO SAN FRANCISCOCA0001152921512929882524,11.95,Supermarkets
6/29/2023,6/29/2023,UDEMY: ONLINE COURSES 8888385432 CA,19.99,Education
6/30/2023,6/30/2023,WALGREENS #0625 MILLBRAE CA,20,Merchandise
7/1/2023,7/1/2023,CHATGPT SUBSCRIPTION 4158799686 CA,20,Merchandise
7/1/2023,7/1/2023,SPOTIFY P2410D44F9 8777781161 NY,4.99,Merchandise
7/1/2023,7/3/2023,NETFLIX.COM NETFLIX.COM CAITEM TRANSFERRED FROM PREV ACCOUNT,10.59,Merchandise
7/1/2023,7/3/2023,PLANNED PARENTHOOD ACTIO NEW YORK NY,5,Services
7/2/2023,7/2/2023,ONEPASS 877-515-9364 MN131030,125.1,Services
7/2/2023,7/2/2023,ONEPASS 877-515-9364 MN129885,139,Services
7/2/2023,7/3/2023,KRYSTAL AND SAAGAR 2025317527 DCITEM TRANSFERRED FROM PREV ACCOUNT,10,Merchandise
7/2/2023,7/3/2023,SAFEWAY #1547 BURLINGAME CA,22.35,Supermarkets
7/3/2023,7/3/2023,AUTOMATIC STATEMENT CREDIT,-17.19,Awards and Rebate Credits
7/3/2023,7/3/2023,OTF SAN MATEO 650-4870404 CA,4.39,Travel/ Entertainment
7/3/2023,7/3/2023,WALGREENS #0625 MILLBRAE CA,20.67,Merchandise
7/4/2023,7/4/2023,BEVERAGES & MORE #119 BURLINGAME CA,60.92,Merchandise
7/4/2023,7/4/2023,SAFEWAY #0999 FOSTER CITY CA,6,Supermarkets
7/4/2023,7/4/2023,TARGET 00011221091 SAN MATEO CA,36.17,Supermarkets
7/4/2023,7/4/2023,TARGET 00011221091 SAN MATEO CA,307.1,Supermarkets
7/5/2023,7/5/2023,CCBILL.COM 888-5969279 AZ,6.37,Merchandise
7/6/2023,7/6/2023,APPLE.COM/BILL 111-111-1111 CAAPPLE PAY ENDING IN 1455,9.99,Merchandise
7/6/2023,7/6/2023,SFMOMA MUSEUM STORE SAN FRANCISCOCA00690R,13.04,Travel/ Entertainment
7/6/2023,7/7/2023,TARGET 00033530091 DALY CITY CA,-153.45,Payments and Credits
7/7/2023,7/7/2023,SAFEWAY #1547 BURLINGAME CA,28.62,Supermarkets
7/7/2023,7/7/2023,TARGET 00011221091 SAN MATEO CA,59.44,Supermarkets
7/8/2023,7/8/2023,MOVEMENT SANTA CLARA 5413165747 CO,5,Travel/ Entertainment
7/8/2023,7/8/2023,OAKLEY B004 MILPITAS CA,243.74,Medical Services
7/9/2023,7/9/2023,CCBILL.COM 888-5969279 AZ,10.63,Merchandise
7/9/2023,7/9/2023,CCBILL.COM 888-5969279 AZ,15.95,Merchandise
7/9/2023,7/9/2023,SQ *CAFE SIETE BURLINGAME CA0001152921512960337074,22.1,Restaurants
7/9/2023,7/9/2023,WALGREENS #0625 MILLBRAE CA,20,Merchandise
7/9/2023,7/9/2023,WALGREENS #0625 MILLBRAE CA,30.45,Merchandise
7/10/2023,7/10/2023,AMAZON.COM*9N7KY81L3 AMZN.COM/BILLWA1RWA4YTUU2S,22.08,Merchandise
7/10/2023,7/10/2023,AMZN MKTP US*YQ7W86013 AMZN.COM/BILLWA5W8CMM91JWI,22.99,Merchandise
7/10/2023,7/10/2023,WHOLEFDS SMT 10150 SAN MATEO CA,49.37,Supermarkets
7/11/2023,7/11/2023,APPLE.COM/BILL 111-111-1111 CAAPPLE PAY ENDING IN 1455,16.95,Merchandise
7/11/2023,7/11/2023,CARBON HEALTH 4152002133 CA,22.96,Medical Services
7/11/2023,7/11/2023,INTERNET PAYMENT - THANK YOU,-2118.23,Payments and Credits
7/13/2023,7/13/2023,CCBILL.COM 888-5969279 AZ,5.32,Merchandise
7/13/2023,7/13/2023,WALGREENS #0625 MILLBRAE CA,41.54,Merchandise
7/14/2023,7/14/2023,MCDONALDS 416 REDWOOD CITY CA,9.98,Restaurants
7/14/2023,7/14/2023,OTF SAN MATEO 650-4870404 CA,5.48,Travel/ Entertainment
7/14/2023,7/14/2023,SQ *CAFE SIETE BURLINGAME CA0001152921512976380865,6.3,Restaurants
7/14/2023,7/14/2023,STATE FARM INSURANCE 800-956-6310 ILITEM TRANSFERRED FROM PREV ACCOUNT,88.02,Merchandise
7/15/2023,7/15/2023,SQ *BOBA GUYS POTRERO SAN FRANCISCOCA0001152921512980421691,4.2,Restaurants
7/15/2023,7/15/2023,SQ *MONARCH BEVERAGE C SAN FRANCISCOCA0002305843018002898080,14.95,Restaurants
7/16/2023,7/16/2023,ATI10845-07510043 310-627-2866 CAAPPLE PAY ENDING IN 1455,5,Travel/ Entertainment
7/16/2023,7/16/2023,MCDONALDS 16932 SAN FRANCISCOCA,4.66,Restaurants
7/16/2023,7/16/2023,PAYPAL *CRUNCHYROLL 402-935-7733 CA,7.99,Services
7/17/2023,7/17/2023,FASTRAK CSC 415-486-8655 CA,35,Travel/ Entertainment
7/17/2023,7/17/2023,GOFUNDME HOMOSEXUAL WA REDWOOD CITY CA,50,Services
7/17/2023,7/17/2023,TMOBILE*AUTO PAY 800-937-8997 WAITEM TRANSFERRED FROM PREV ACCOUNT,232.39,Merchandise
7/18/2023,7/18/2023,AMZN MKTP US*C815N4833 AMZN.COM/BILLWA40G984MFQ73,87.69,Merchandise
7/20/2023,7/20/2023,ATI10113-07910185 310-627-2866 CAAPPLE PAY ENDING IN 1455,23.7,Travel/ Entertainment
