Trans. date,Post date,Description,Amount,Category
1/1/2023,1/1/2023,SPOTIFY P1FEF894B5 8777781161 NY,4.99,Merchandise
1/1/2023,1/3/2023,NETFLIX.COM NETFLIX.COM CAITEM TRANSFERRED FROM PREV ACCOUNT,10.59,Merchandise
1/1/2023,1/3/2023,SAFEWAY #1547 BURLINGAME CA,34.46,Supermarkets
1/2/2023,1/3/2023,KRYSTAL AND SAAGAR 2025317527 DCITEM TRANSFERRED FROM PREV ACCOUNT,10.00,Merchandise
1/2/2023,1/3/2023,OBSIDIAN.MD 2262203323 CAN,10.00,Merchandise
1/3/2023,1/3/2023,A PLUS DENTAL CENTER - S SAN MATEO CA,549.60,Medical Services
1/3/2023,1/3/2023,AMAZON.COM*7H1T34W33 AMZN.COM/BILLWA7CGLY7QDYF3,42.12,Merchandise
1/3/2023,1/3/2023,AUTOMATIC STATEMENT CREDIT,-41.41,Awards and Rebate Credits
1/3/2023,1/3/2023,CAMINO PETROLEUM S SAN FRANCISCA,40.96,Gasoline
1/3/2023,1/3/2023,GOOGLE *YT PRIMETIME G.CO/HELPPAY#CAP0OW57KF,15.89,Services
1/3/2023,1/3/2023,TACO BELL 30785 SOUTH SAN FRACA,7.13,Restaurants
1/3/2023,1/3/2023,WALGREENS #3346 S SAN FRAN CA,27.15,Merchandise
1/4/2023,1/4/2023,COURSRA5IM7YPM1EY6M1D 650-963-9884 CA,49.00,Education
1/4/2023,1/4/2023,EXTRA SPACE 1461 BURLINGAME CA,241.60,Services
1/4/2023,1/4/2023,STATE FARM INSURANCE 800-956-6310 ILITEM TRANSFERRED FROM PREV ACCOUNT,90.09,Merchandise
1/5/2023,1/5/2023,AMAZON.COM*533DL0GN3 AMZN.COM/BILLWA656UQI8895R,13.85,Merchandise
1/5/2023,1/5/2023,AMZN MKTP US*RZ4YB1HY3 AMZN.COM/BILLWA2IAOP636RTD,54.80,Merchandise
1/5/2023,1/5/2023,SQ *LOVE BURN CHICKEN SOUTH SAN FRACA0001152921512348130249,36.26,Restaurants
1/6/2023,1/6/2023,APPLE.COM/BILL 111-111-1111 CA,9.99,Merchandise
1/6/2023,1/6/2023,LYFT *2 RIDES 01-04 855-865-9553 CAITEM TRANSFERRED FROM PREV ACCOUNT,24.59,Merchandise
1/7/2023,1/7/2023,SEE TICKETS *FRED ARMISE 323-908-0607 CASEE TICKETS *FRED ARMISE,102.02,Travel/ Entertainment
1/7/2023,1/7/2023,"SQ *HILARY CHIEM, O.D. SAN MATEO CA0001152921512353344153",106.50,Medical Services
1/8/2023,1/8/2023,LYFT *2 RIDES 01-07 855-865-9553 CAITEM TRANSFERRED FROM PREV ACCOUNT,28.67,Merchandise
1/9/2023,1/9/2023,AMZN MKTP US*O74QU7HY3 AMZN.COM/BILLWA77RIRA85W99,9.86,Merchandise
1/9/2023,1/9/2023,AMZN MKTP US*P98A92243 AMZN.COM/BILLWA1F2157UKMEK,32.88,Merchandise
1/9/2023,1/9/2023,GOOGLE *YOUTUBE TV G.CO/HELPPAY#CAP0OFLGPQ,64.99,Services
1/9/2023,1/9/2023,STEAM PURCHASE 425-952-2985 WA,29.99,Travel/ Entertainment
1/10/2023,1/10/2023,LYFT *1 RIDE 01-08 855-865-9553 CAITEM TRANSFERRED FROM PREV ACCOUNT,11.99,Merchandise
1/10/2023,1/10/2023,PANDA EXPRESS #907 P 800-877-8988 CA,10.85,Restaurants
1/11/2023,1/11/2023,APPLE.COM/BILL 866-712-7753 CAAPPLE PAY ENDING IN 1455MMWBZ5629BA0,15.89,Merchandise
1/11/2023,1/11/2023,EB OPEN MIKE EAGLEES 801-413-7200 CA,24.97,Services
1/11/2023,1/11/2023,INTERNET PAYMENT - THANK YOU,-552.53,Payments and Credits
1/11/2023,1/11/2023,TRAVEL GUARD GROUP INC 877-934-8308 WI,21.91,Services
1/11/2023,1/11/2023,UNITED AIRLINES 18004214655 TX,337.10,Travel/ Entertainment
1/12/2023,1/12/2023,SAFEWAY #1547 BURLINGAME CA,64.82,Supermarkets
1/13/2023,1/13/2023,CAFFE CENTRAL BURLINGAME CA,27.05,Restaurants
1/15/2023,1/15/2023,PAYPAL *CRUNCHYROLL 402-935-7733 CA,7.99,Services
1/15/2023,1/15/2023,WALGREENS #0625 MILLBRAE CA,46.63,Merchandise
1/17/2023,1/17/2023,SHELL57444215701 SAN MATEO CA,45.28,Gasoline
1/17/2023,1/17/2023,SPORTSLINE 888-508-3055 CA,24.99,Merchandise
1/17/2023,1/17/2023,TMOBILE*AUTO PAY 800-937-8997 WAITEM TRANSFERRED FROM PREV ACCOUNT,111.63,Merchandise
1/19/2023,1/19/2023,PANDA EXPRESS #907 P 800-877-8988 CA,10.85,Restaurants
1/20/2023,1/20/2023,INTERNET PAYMENT - THANK YOU,-1000.00,Payments and Credits
1/20/2023,1/20/2023,UNITED AIRLINES 18004214655 TXAPPLE PAY ENDING IN 1455,372.80,Travel/ Entertainment
1/21/2023,1/21/2023,KATSU KEI* KEI KATSUCO 8668646522 VA,150.00,Travel/ Entertainment
1/21/2023,1/21/2023,LEANPUB 6049168017 CAN,14.99,Merchandise
1/22/2023,1/22/2023,AMZN MKTP US*OJ2B68JK3 AMZN.COM/BILLWA6GMHPXEC3MX,10.40,Merchandise
1/22/2023,1/22/2023,CRACKED & BATTERED LLC 540-898-4343 CAAPPLE PAY ENDING IN 1455,43.10,Restaurants
1/22/2023,1/22/2023,TM *SACRAMENTO KINGS 800-653-8000 CANCA/22-39690,66.52,Travel/ Entertainment
1/22/2023,1/22/2023,TST* COPENHAGEN BAKERY BURLINGAME CA,23.04,Restaurants
1/23/2023,1/23/2023,AMAZON.COM*587BA3543 AMZN.COM/BILLWA1VXP8IG0UT8,13.85,Merchandise
1/23/2023,1/23/2023,"FUZE TECHNOLOGY, INC. 2134516667 CA",1.00,Merchandise
1/23/2023,1/23/2023,HOUSE KITCHEN AND BAR SACRAMENTO CA,25.12,Restaurants
1/23/2023,1/23/2023,LGND GOLDEN 1 CONCESSION SACRAMENTO CA,5.44,Restaurants
1/23/2023,1/23/2023,PAYPAL *PARKMOBILE 402-935-7733 CA,12.35,Travel/ Entertainment
1/23/2023,1/23/2023,SHELL57444215701 SAN MATEO CA,46.25,Gasoline
1/24/2023,1/24/2023,02738 PF SAN BRUNO CA SAN BRUNO CA,1.75,Travel/ Entertainment
1/24/2023,1/24/2023,SAFEWAY #1547 BURLINGAME CA,97.08,Supermarkets
1/24/2023,1/24/2023,UNITED AIRLINES 18004214655 TXAPPLE PAY ENDING IN 1455,5.00,Travel/ Entertainment
1/25/2023,1/25/2023,INTERNET PAYMENT - THANK YOU,-2071.58,Payments and Credits
1/26/2023,1/26/2023,BLUE LINE TRANSFER SOUTH SAN FRACA,38.00,Services
1/26/2023,1/26/2023,FASTRAK CSC 415-486-8655 CA,25.00,Travel/ Entertainment
1/26/2023,1/26/2023,FASTRAK CSC 415-486-8655 CA,75.00,Travel/ Entertainment
1/26/2023,1/26/2023,FD *CA DMV 593 *SVC 800-777-0133 CA,5.36,Government Services
1/26/2023,1/26/2023,FD *CA DMV 593 SAN MATEO CA,255.00,Government Services
1/26/2023,1/26/2023,MCDONALD'S F13001 MILLBRAE CA,11.68,Restaurants
1/26/2023,1/26/2023,O'REILLY AUTO PARTS 2581 MILLBRAE CA,16.40,Automotive
1/27/2023,1/27/2023,CCBILL.COM 888-5969279 AZ,4.25,Merchandise
1/27/2023,1/27/2023,FASTRAK CSC 415-486-8655 CA,25.00,Travel/ Entertainment
1/27/2023,1/27/2023,MARKET MAYFLOWER & DELI SAN FRANCISCOCA,7.98,Supermarkets
1/27/2023,1/27/2023,SQ *GREAT AMERICAN MUS SAN FRANCISCOCA0001152921512413106170,10.80,Travel/ Entertainment
1/28/2023,1/28/2023,HI - SD DOWNTOWN HOSTEL SAN DIEGO CA,6.00,Travel/ Entertainment
1/28/2023,1/28/2023,HI - SD DOWNTOWN HOSTEL SAN DIEGO CA,96.14,Travel/ Entertainment
1/28/2023,1/28/2023,TST* FARLEYS CAFE - SF SAN RAFAEL CA00035384010198819089AA,25.78,Restaurants
1/28/2023,1/28/2023,UBER TRIP 866-576-1039 CA,5.00,Travel/ Entertainment
1/28/2023,1/28/2023,UBER TRIP 866-576-1039 CA,5.00,Travel/ Entertainment
1/28/2023,1/28/2023,UBER TRIP 866-576-1039 CA,13.91,Travel/ Entertainment
1/28/2023,1/28/2023,UBER TRIP 866-576-1039 CA,19.90,Travel/ Entertainment
1/28/2023,1/28/2023,UBER TRIP 866-576-1039 CA,19.96,Travel/ Entertainment
1/29/2023,1/29/2023,SQ *BORDER X BREWING- SAN DIEGO CA0001152921512418764739,12.16,Restaurants
1/29/2023,1/29/2023,SQ *NEVERIA LOS MOCHIS SAN DIEGO CA0001152921512419051683,11.75,Restaurants
1/29/2023,1/29/2023,SWAMIS NORTH PARK SAN DIEGO CA,31.22,Restaurants
1/29/2023,1/29/2023,UBER TRIP 866-576-1039 CA,5.00,Travel/ Entertainment
1/29/2023,1/29/2023,UBER TRIP 866-576-1039 CA,5.00,Travel/ Entertainment
1/29/2023,1/29/2023,UBER TRIP 866-576-1039 CA,8.93,Travel/ Entertainment
1/30/2023,1/30/2023,CCBILL.COM 888-5969279 AZ,7.43,Merchandise
1/30/2023,1/30/2023,CCBILL.COM 888-5969279 AZ,12.76,Merchandise
1/30/2023,1/30/2023,SQ *SANDBOX VR MISSION GOSQ.COM CA0002305843016976425532,150.00,Travel/ Entertainment
1/30/2023,1/30/2023,TST* SMOKING GUN - SAN SAN DIEGO CA00013131010229654110AA,8.52,Restaurants
1/30/2023,1/30/2023,TST* TACO STAND DOWNTO SAN DIEGO CA00072507010231353549AA,28.35,Restaurants
1/30/2023,1/30/2023,UBER TRIP 866-576-1039 CA,3.28,Travel/ Entertainment
1/30/2023,1/30/2023,UBER TRIP 866-576-1039 CA,5.00,Travel/ Entertainment
1/30/2023,1/30/2023,UBER TRIP 866-576-1039 CA,8.66,Travel/ Entertainment
1/30/2023,1/30/2023,UBER TRIP 866-576-1039 CA,22.04,Travel/ Entertainment
1/30/2023,1/30/2023,WWW.WEWORK.COM 6467604450 NY,29.00,Services
1/31/2023,1/31/2023,THE DONUT BAR SAN DIEGO CA,9.35,Merchandise
1/31/2023,1/31/2023,UBER TRIP 866-576-1039 CA,5.00,Travel/ Entertainment
1/31/2023,1/31/2023,UBER TRIP 866-576-1039 CA,13.94,Travel/ Entertainment
1/31/2023,1/31/2023,UBER TRIP 866-576-1039 CA,17.97,Travel/ Entertainment
1/31/2023,1/31/2023,WWW.WEWORK.COM 6467604450 NY,29.00,Services
2/1/2023,2/1/2023,PARAMOUNT^ 888-274-5343 CA,5.42,Services
2/1/2023,2/1/2023,SPOTIFY P20DD0B7D1 8777781161 NY,4.99,Merchandise
2/1/2023,2/1/2023,SQ *MAMA MADE THAI FOO SAN DIEGO CA0001152921512428151675,33.06,Supermarkets
2/1/2023,2/1/2023,SQ *WICKED POPCORN SAN DIEGO CA0001152921512428214340,8.99,Restaurants
2/1/2023,2/1/2023,UBER TRIP 866-576-1039 CA,5.00,Travel/ Entertainment
2/1/2023,2/1/2023,UBER TRIP 866-576-1039 CA,5.00,Travel/ Entertainment
2/1/2023,2/1/2023,UBER TRIP 866-576-1039 CA,5.00,Travel/ Entertainment
2/1/2023,2/1/2023,UBER TRIP 866-576-1039 CA,11.91,Travel/ Entertainment
2/1/2023,2/1/2023,UBER TRIP 866-576-1039 CA,18.91,Travel/ Entertainment
2/1/2023,2/1/2023,WWW.WEWORK.COM 6467604450 NY,29.00,Services
2/1/2023,2/3/2023,NETFLIX.COM NETFLIX.COM CAITEM TRANSFERRED FROM PREV ACCOUNT,10.59,Merchandise
2/1/2023,2/3/2023,STONE BREWING - LIBE 619-2692100 CA,5.00,Restaurants
2/1/2023,2/3/2023,STONE BREWING - LIBE 619-2692100 CA,21.55,Restaurants
2/2/2023,2/2/2023,UBER TRIP 866-576-1039 CA,5.00,Travel/ Entertainment
2/2/2023,2/2/2023,UBER TRIP 866-576-1039 CA,12.96,Travel/ Entertainment
2/2/2023,2/2/2023,UBER TRIP 866-576-1039 CA,15.99,Travel/ Entertainment
2/2/2023,2/3/2023,CCBILL.COM 888-5969279 AZ,3.72,Merchandise
2/2/2023,2/3/2023,CCBILL.COM 888-5969279 AZ,10.63,Merchandise
2/2/2023,2/3/2023,KRYSTAL AND SAAGAR 2025317527 DCITEM TRANSFERRED FROM PREV ACCOUNT,10.00,Merchandise
2/2/2023,2/3/2023,OBSIDIAN.MD 2262203323 CAN,10.00,Merchandise
2/2/2023,2/3/2023,SQ *AYURBLISS PHYSICAL SAN MATEO CAAPPLE PAY ENDING IN 14550002305843016991252943,68.00,Medical Services
2/3/2023,2/3/2023,AUTOMATIC STATEMENT CREDIT,-55.37,Awards and Rebate Credits
2/3/2023,2/3/2023,BLUE LINE TRANSFER SOUTH SAN FRACA,38.00,Services
2/3/2023,2/3/2023,CCBILL.COM 888-5969279 AZ,12.75,Merchandise
2/3/2023,2/3/2023,GOOGLE *YT PRIMETIME G.CO/HELPPAY#CAP0PFG0KA,15.89,Services
2/3/2023,2/3/2023,HAPPY LEMON FOSTER CITY CA,6.05,Restaurants
2/3/2023,2/3/2023,POPEYES 12669 SOUTH SAN FRACA,12.08,Restaurants
2/3/2023,2/3/2023,STATE FARM INSURANCE 800-956-6310 ILITEM TRANSFERRED FROM PREV ACCOUNT,90.09,Merchandise
2/3/2023,2/3/2023,UBER TRIP 866-576-1039 CA,5.00,Travel/ Entertainment
2/4/2023,2/4/2023,CCBILL.COM 888-5969279 AZ,17.00,Merchandise
2/4/2023,2/4/2023,COURSRA5IM7YPM1EY6M1D 650-963-9884 CA,49.00,Education
2/4/2023,2/4/2023,SAN MATEO SPORTS NUTRITI SAN MATEO CA,152.89,Supermarkets
2/4/2023,2/4/2023,TARGET 00011221091 SAN MATEO CA,18.83,Supermarkets
2/5/2023,2/5/2023,GALILEO BARR B22 ORD CHICAGO IL4524,9.81,Restaurants
2/5/2023,2/5/2023,GALILEO BARR B22 ORD CHICAGO IL8741426392052847,12.27,Restaurants
2/5/2023,2/5/2023,PIZZA JOHNS ESSEX MD,4.40,Restaurants
2/5/2023,2/5/2023,PIZZA JOHNS ESSEX MD,26.45,Restaurants
2/5/2023,2/5/2023,UBER TRIP 866-576-1039 CA,12.22,Travel/ Entertainment
2/5/2023,2/5/2023,UBER TRIP 866-576-1039 CA,48.90,Travel/ Entertainment
2/5/2023,2/5/2023,UNITED AIRLINES 18004214655 TX,8.00,Travel/ Entertainment
2/5/2023,2/5/2023,UNITED AIRLINES 18004214655 TX,8.00,Travel/ Entertainment
2/5/2023,2/5/2023,UNITED AIRLINES 18004214655 TXAPPLE PAY ENDING IN 1455,35.00,Travel/ Entertainment
2/6/2023,2/6/2023,AMAZON.COM*CA2JS6DR3 AMZN.COM/BILLWA4S3TD5QHMJM,15.19,Merchandise
2/6/2023,2/6/2023,APPLE.COM/BILL 866-712-7753 CAMMWD0WQFLHA0,9.99,Merchandise
2/6/2023,2/6/2023,CCBILL.COM 888-5969279 AZ,5.30,Merchandise
2/6/2023,2/6/2023,CCBILL.COM 888-5969279 AZ,10.62,Merchandise
2/6/2023,2/6/2023,INTL SPY MUSEUM MUSEUM WASHINGTON DC,63.37,Services
2/6/2023,2/6/2023,PAYPAL *TICKETMASTER 402-935-7733 CA,111.70,Travel/ Entertainment
2/7/2023,2/7/2023,CCBILL.COM 888-5969279 AZ,3.51,Merchandise
2/7/2023,2/7/2023,CCBILL.COM 888-5969279 AZ,10.62,Merchandise
2/7/2023,2/7/2023,CCBILL.COM 888-5969279 AZ,10.63,Merchandise
2/7/2023,2/7/2023,CCBILL.COM 888-5969279 AZ,10.63,Merchandise
2/7/2023,2/7/2023,CCBILL.COM 888-5969279 AZ,17.01,Merchandise
2/7/2023,2/7/2023,INTERNET PAYMENT - THANK YOU,-1995.21,Payments and Credits
2/8/2023,2/8/2023,365 MARKET J 888 432-329 TROY MI,2.63,Restaurants
2/8/2023,2/8/2023,AMK CAPITAL ONE ARENA CN WASHINGTON DC,20.22,Restaurants
2/8/2023,2/8/2023,AMK CAPITAL ONE ARENA CN WASHINGTON DC,35.18,Restaurants
2/8/2023,2/8/2023,DUNKIN DONUTSBALTIMORE BALTIMORE MD,10.26,Restaurants
2/8/2023,2/8/2023,UBER TRIP 866-576-1039 CA,6.23,Travel/ Entertainment
2/8/2023,2/8/2023,UBER TRIP 866-576-1039 CA,8.81,Travel/ Entertainment
2/8/2023,2/8/2023,UBER TRIP 866-576-1039 CA,24.95,Travel/ Entertainment
2/8/2023,2/8/2023,WISEGUY NY PIZZA- CHINAT WASHINGTON DC,10.54,Restaurants
2/8/2023,2/8/2023,WWW.WEWORK.COM 6467604450 NY,29.00,Services
2/9/2023,2/9/2023,CCBILL.COM 888-5969279 AZ,7.43,Merchandise
2/9/2023,2/9/2023,GOOGLE *YOUTUBE TV G.CO/HELPPAY#CAP0PPUHRV,64.99,Services
2/9/2023,2/9/2023,HILL PRINCE WASHINGTON DC,15.56,Restaurants
2/9/2023,2/9/2023,SQ *AYURBLISS PHYSICAL SAN MATEO CA0002305843017028948187,136.00,Medical Services
2/9/2023,2/9/2023,UBER TRIP 866-576-1039 CA,5.00,Travel/ Entertainment
2/9/2023,2/9/2023,UBER TRIP 866-576-1039 CA,11.91,Travel/ Entertainment
2/10/2023,2/10/2023,TST* DIVE BAR AND GRIL SAVAGE MD00060644010365207788AA,36.88,Restaurants
2/11/2023,2/11/2023,ACE PARKING 4603 WASHINGTON DC,30.00,Services
2/11/2023,2/11/2023,CCBILL.COM 888-5969279 AZ,8.49,Merchandise
2/11/2023,2/11/2023,CVS/PHARMACY #10415 WASHINGTON DC,10.59,Merchandise
2/11/2023,2/11/2023,GOLDEN CORRAL #2486 LARGO MD,39.93,Restaurants
2/11/2023,2/11/2023,HARRISTEETER #392 BALTIMORE MD,9.99,Supermarkets
2/11/2023,2/11/2023,PLANNED PARENTHOOD ACTIO NEW YORK NY,5.00,Services
2/12/2023,2/12/2023,72600 - NH FLEET GARAGE OXON HILL MD,5.00,Services
2/12/2023,2/12/2023,APPLE.COM/BILL 866-712-7753 CAAPPLE PAY ENDING IN 1455MMWD14ZXBNA0,15.89,Merchandise
2/12/2023,2/12/2023,BLUE MOON CAFE BALTIMORE MD,95.60,Restaurants
2/12/2023,2/12/2023,COURSRA9SQDK9PPG1VBLF 650-963-9884 CA,49.00,Education
2/12/2023,2/12/2023,PABC MULTI SPACE 3 BALTIMORE MD,3.23,Services
2/12/2023,2/12/2023,SPORTS COLLECTIBLES 8557419003 NJ,9.17,Merchandise
2/12/2023,2/12/2023,SPORTS COLLECTIBLES 8557419003 NJ,9.17,Merchandise
2/12/2023,2/12/2023,SQ *BEN & JERRY'S NATI OXON HILL MD0002305843017047935394,19.35,Restaurants
2/12/2023,2/12/2023,SQ *NH ENTERTAINMENT L OXON HILL MD0002305843017048063290,25.00,Travel/ Entertainment
2/12/2023,2/12/2023,SQ *SCRAMBLE ALEXANDRI ALEXANDRIA VA0002305843017048455554,7.24,Merchandise
2/12/2023,2/12/2023,SQ *SCRAMBLE ALEXANDRI ALEXANDRIA VA0002305843017048226229,20.96,Merchandise
2/12/2023,2/12/2023,THE CAPITAL WHEEL OXON HILL MD,16.50,Travel/ Entertainment
2/14/2023,2/14/2023,SAMOS GREEK ISLAND GRI BALTIMORE MD,18.02,Restaurants
2/14/2023,2/14/2023,STATE FARM INSURANCE 800-956-6310 ILITEM TRANSFERRED FROM PREV ACCOUNT,88.02,Merchandise
2/14/2023,2/14/2023,TARGET 00028456091 BALTIMORE MD,54.05,Supermarkets
2/15/2023,2/15/2023,CCBILL.COM 888-5969279 AZ,4.68,Merchandise
2/15/2023,2/15/2023,SQ *AYURBLISS PHYSICAL SAN MATEO CA0002305843017062540240,68.00,Medical Services
2/16/2023,2/16/2023,AMZN MKTP US*HE1FY4851 AMZN.COM/BILLWA4DZ6YUN4D48,40.51,Merchandise
2/16/2023,2/16/2023,ANDPIZZA 2024505059 DC,31.63,Restaurants
2/16/2023,2/16/2023,BONOBOS 1-877-294-7737 NEW YORK NY,98.88,Merchandise
2/16/2023,2/16/2023,MCDONALDS 10876 BALTIMORE MD,7.40,Restaurants
2/16/2023,2/16/2023,PAYPAL *CRUNCHYROLL 402-935-7733 CA,7.99,Services
2/17/2023,2/17/2023,72601 - NH MARINER GARAG OXON HILL MD,5.00,Services
2/17/2023,2/17/2023,72601 - NH MARINER GARAG OXON HILL MD,15.00,Services
2/17/2023,2/17/2023,CHARLEYS PHILLY STEAKS 9 ARLINGTON VA,18.11,Restaurants
2/17/2023,2/17/2023,CVS/PHARMACY #02149 ALEXANDRIA VA,27.62,Merchandise
2/17/2023,2/17/2023,HARRISTEETER #392 BALTIMORE MD,29.16,Supermarkets
2/17/2023,2/17/2023,PANDA EXPRESS #128 ARLINGTON VA,9.13,Restaurants
2/17/2023,2/17/2023,"PARKWHIZ, INC. 888-472-7594 ILAPPLE PAY ENDING IN 1455",4.00,Services
2/17/2023,2/17/2023,PHO NAM ALEXANDRIA VA,45.74,Restaurants
2/17/2023,2/17/2023,SQ *HEALTH PUB- FASHIO ARLINGTON VA0002305843017070678524,9.90,Restaurants
2/17/2023,2/17/2023,SQ *NEON CULTURE RIDGELAND MS0002305843017072974051,51.75,Merchandise
2/17/2023,2/17/2023,SQ *SALE PRICE TAXES FORT WASHINGTMD0002305843017073374408,152.42,Merchandise
2/17/2023,2/17/2023,SQ *SWSS T/A THE CRUCI WASHINGTON DC0002305843017075390817,1.25,Restaurants
2/17/2023,2/17/2023,SQ *SWSS T/A THE CRUCI WASHINGTON DC0002305843017075650872,7.20,Restaurants
2/17/2023,2/17/2023,TMOBILE*AUTO PAY 800-937-8997 WAITEM TRANSFERRED FROM PREV ACCOUNT,111.63,Merchandise
2/18/2023,2/18/2023,ROYAL FARMS #311 WHITE MARSH MD,5.66,Gasoline
2/18/2023,2/18/2023,ROYAL FARMS #311 WHITE MARSH MD,9.84,Gasoline
2/18/2023,2/18/2023,UNITED AIRLINES 18004214655 TXAPPLE PAY ENDING IN 1455,35.00,Travel/ Entertainment
2/19/2023,2/19/2023,AMAZON.COM*HP58L4FE1 AMZN.COM/BILLWA4GCZ8GW76B6,15.19,Merchandise
2/19/2023,2/19/2023,CCBILL.COM 888-5969279 AZ,7.44,Merchandise
2/19/2023,2/19/2023,CREATIVE FOOD BWI BALTIMORE MD,3.17,Restaurants
2/20/2023,2/20/2023,AUTOZONE #2854 SAN MATEO CA,17.52,Automotive
2/20/2023,2/20/2023,CCBILL.COM 888-5969279 AZ,13.81,Merchandise
2/20/2023,2/20/2023,"FSP*303 -OIL CHANGER, IN PLEASANTON CA",62.37,Automotive
2/20/2023,2/20/2023,TARGET 00011221091 SAN MATEO CA,40.54,Supermarkets
2/21/2023,2/21/2023,CAFFE STELLATO BURLINGAME CA,18.69,Restaurants
2/21/2023,2/21/2023,CCBILL.COM 888-5969279 AZ,7.43,Merchandise
2/21/2023,2/21/2023,DOORDASH*CJS GOURMET D 6506819470 CAAPPLE PAY ENDING IN 1455,35.89,Restaurants
2/21/2023,2/21/2023,NISSAN OF BURLINGAME BURLINGAME CA,200.00,Automotive
2/22/2023,2/22/2023,FREETAXUSA.COM 877-2699027 UT,29.98,Services
2/23/2023,2/23/2023,DOORDASH*C&C CURRY HOU 6506819470 CAAPPLE PAY ENDING IN 1455,43.43,Restaurants
2/23/2023,2/23/2023,NBA*SACRAMENTO KINGS 916-928-3683 CAMIC715B900-F7IVS,142.00,Travel/ Entertainment
2/23/2023,2/23/2023,SQ *AYURBLISS LLC SAN MATEO CA0002305843017109071920,27.32,Medical Services
2/24/2023,2/24/2023,INTERNET PAYMENT - THANK YOU,-1432.39,Payments and Credits
2/24/2023,2/24/2023,SAFEWAY #0970 SAN MATEO CA,84.59,Supermarkets
2/25/2023,2/25/2023,GHIRARDELLI #138 GCE SAN FRANCISCOCA,16.89,Merchandise
2/25/2023,2/25/2023,GHIRARDELLI SQ GARAGE PA SAN FRANCISCOCA,18.00,Services
2/26/2023,2/26/2023,AMZN MKTP US*HP7FE0IE2 AMZN.COM/BILLWA59RU8AG1QCM,32.88,Merchandise
2/26/2023,2/26/2023,PAYPAL *ESPN PLUS 402-935-7733 CA,65.14,Services
2/27/2023,2/27/2023,FIVE GUYS CA 1370 QSR BURLINGAME CA,15.17,Restaurants
2/27/2023,2/27/2023,IM* KEYCHRON.COM 9293322099 NY,225.00,Merchandise
2/27/2023,2/27/2023,SQ *OCEANIC FOOT SPA BURLINGAME CA0001152921512511485984,40.00,Services
2/28/2023,2/28/2023,INTERNET PAYMENT - THANK YOU,-1000.00,Payments and Credits
3/1/2023,3/1/2023,PARAMOUNT^ 888-274-5343 CA,5.42,Services
3/1/2023,3/1/2023,SPOTIFY P2174B78B2 8777781161 NY,4.99,Merchandise
3/1/2023,3/1/2023,UBER TRIP 866-576-1039 CA,8.67,Travel/ Entertainment
3/1/2023,3/1/2023,UBER TRIP 866-576-1039 CA,14.95,Travel/ Entertainment
3/1/2023,3/1/2023,UBER TRIP 866-576-1039 CA,15.94,Travel/ Entertainment
3/1/2023,3/3/2023,NETFLIX.COM NETFLIX.COM CAITEM TRANSFERRED FROM PREV ACCOUNT,10.59,Merchandise
3/1/2023,3/3/2023,PIZZA MY HEART BURLINGAME CA,13.26,Restaurants
3/1/2023,3/3/2023,PLANNED PARENTHOOD ACTIO NEW YORK NY,5.00,Services
3/2/2023,3/2/2023,ONEPASS 877-515-9364 MN76128,164.00,Services
3/2/2023,3/3/2023,FRG*TEAMFANSHOP 855-210-8831 FL,105.41,Merchandise
3/2/2023,3/3/2023,KRYSTAL AND SAAGAR 2025317527 DCITEM TRANSFERRED FROM PREV ACCOUNT,10.00,Merchandise
3/2/2023,3/3/2023,SQ *AYURBLISS LLC SAN MATEO CA0001152921512522245314,150.00,Medical Services
3/2/2023,3/3/2023,SQ *TWISTED ST. CAFE SAN FRANCISCOCA0001152921512521081983,18.82,Restaurants
3/3/2023,3/3/2023,AUTOMATIC STATEMENT CREDIT,-47.46,Awards and Rebate Credits
3/3/2023,3/3/2023,GOOGLE *YT PRIMETIME G.CO/HELPPAY#CAP0PX5NOT,15.89,Merchandise
3/3/2023,3/3/2023,LGND GOLDEN 1 CONCESSION SACRAMENTO CA,5.44,Restaurants
3/3/2023,3/3/2023,LGND GOLDEN 1 CONCESSION SACRAMENTO CA,16.75,Restaurants
3/3/2023,3/3/2023,TACO BELL 26850 MILLBRAE CA,11.90,Restaurants
3/3/2023,3/3/2023,YOLO FRUIT STAND DAVIS CA,5.34,Supermarkets
3/4/2023,3/4/2023,A&A GAS BURLINGAME CA,48.12,Gasoline
3/4/2023,3/4/2023,CITYOFSAC-PARKMOBILE 916-808-5110 CA749064904,12.35,Services
3/4/2023,3/4/2023,CITYOFSAC-PARKMOBILE 916-808-5110 CA749660159,12.35,Services
3/4/2023,3/4/2023,COURSRA5IM7YPM1EY6M1D 650-963-9884 CA,49.00,Education
3/4/2023,3/4/2023,FASTRAK CSC 415-486-8655 CA,25.00,Travel/ Entertainment
3/4/2023,3/4/2023,FINNEGANS PUB SACRAMENTO CA,63.75,Restaurants
3/4/2023,3/4/2023,"FUZE TECHNOLOGY, INC. 2134516667 CA",6.00,Merchandise
3/4/2023,3/4/2023,LGND GOLDEN 1 CONCESSION SACRAMENTO CA,21.54,Restaurants
3/4/2023,3/4/2023,SQ *LOU?S CAFE SAN FRANCISCOCA0001152921512530496109,19.31,Restaurants
3/4/2023,3/4/2023,UPS*1ZA407020364466528 800-811-1648 GA1ZA407020364466528,5.99,Travel/ Entertainment
3/4/2023,3/4/2023,WALGREENS #0625 MILLBRAE CA,27.32,Merchandise
3/5/2023,3/5/2023,AMZN MKTP US*H500J0L02 AMZN.COM/BILLWA5NBVHMK06CU,43.84,Merchandise
3/5/2023,3/5/2023,AMZN MKTP US*H56C927E0 AMZN.COM/BILLWA3M2ST0SZ5VY,152.12,Merchandise
3/5/2023,3/5/2023,OBSIDIAN.MD 2262203323 CAN,10.00,Merchandise
3/5/2023,3/5/2023,SQ *HELLA KINKETSU HAYWARD CA0001152921512535172822,62.89,Services
3/5/2023,3/5/2023,TARGET 00014274091 SAN JOSE CA,10.93,Supermarkets
3/5/2023,3/5/2023,TCKTWEB*JAWNYWALLICE 800-965-4827 CA748228446EPS5E6Z,30.34,Travel/ Entertainment
3/6/2023,3/6/2023,APPLE.COM/BILL 866-712-7753 CAMMWD2S6439A0,9.99,Merchandise
3/6/2023,3/6/2023,ATI8363-030677116 310-627-2866 CAAPPLE PAY ENDING IN 1455,5.00,Travel/ Entertainment
3/6/2023,3/6/2023,CAFFE STELLATO BURLINGAME CA,8.34,Restaurants
3/6/2023,3/6/2023,CCBILL.COM 888-5969279 AZ,13.81,Merchandise
3/6/2023,3/6/2023,USPS PO 0510320110 BURLINGAME CA,17.10,Government Services
3/7/2023,3/7/2023,AMAZON.COM*HG6EN3ZP0 AMZN.COM/BILLWAITEM TRANSFERRED FROM PREV ACCOUNT,13.85,Merchandise
3/7/2023,3/7/2023,BIMBOS 365 CLUB SAN FRANCISCOCA,13.73,Restaurants
3/7/2023,3/7/2023,BIMBOS 365 CLUB SAN FRANCISCOCA,13.73,Restaurants
3/7/2023,3/7/2023,CCBILL.COM 888-5969279 AZ,4.51,Merchandise
3/7/2023,3/7/2023,CURRY LEAF SAN FRANCISCOCA,24.32,Restaurants
3/7/2023,3/7/2023,INTERNET PAYMENT - THANK YOU,-1079.82,Payments and Credits
3/7/2023,3/7/2023,SQ *AYURBLISS PHYSICAL SAN MATEO CA0001152921512541037226,68.00,Medical Services
3/8/2023,3/8/2023,TRADER JOE'S #170 QPS MILLBRAE CA,2.99,Supermarkets
3/8/2023,3/8/2023,TRADER JOE'S #170 QPS MILLBRAE CA,58.26,Supermarkets
3/8/2023,3/8/2023,UBER TRIP 866-576-1039 CA,48.90,Travel/ Entertainment
3/8/2023,3/8/2023,WALGREENS #0625 MILLBRAE CA,66.43,Merchandise
3/9/2023,3/9/2023,GOOGLE *YOUTUBE TV G.CO/HELPPAY#CAP0Q74KLW,64.99,Services
3/9/2023,3/9/2023,HOMEROOM TO GO OAKLAND CA,40.33,Restaurants
3/9/2023,3/9/2023,PP*COASTAL CURL OAKLAND CA,30.00,Services
3/10/2023,3/10/2023,TARGET.COM * 800-591-3869 MN,49.70,Merchandise
3/10/2023,3/10/2023,WALGREENS #0625 MILLBRAE CA,2.94,Merchandise
3/10/2023,3/10/2023,WALGREENS #0625 MILLBRAE CA,28.41,Merchandise
3/11/2023,3/11/2023,APPLE.COM/BILL 866-712-7753 CAAPPLE PAY ENDING IN 1455MMWD31LF78A0,16.95,Merchandise
3/11/2023,3/11/2023,SQ *HAPA'S BREWING COM SAN JOSE CA0002305843017204153884,8.54,Restaurants
3/11/2023,3/11/2023,SUMUP *JOSE A MARTINEZ V CAMPBELL CA,9.88,Restaurants
3/12/2023,3/12/2023,CLR*YOGASIX6505342692 650-534-2692 CACLR*YOGASIX6505342692,36.59,Travel/ Entertainment
3/12/2023,3/12/2023,COURSRA9SQDK9PPG1VBLF 650-963-9884 CA,49.00,Education
3/12/2023,3/12/2023,PRIME VIDEO *HG9HR5TX2 888-802-3080 WA1NYMU5STVWY,0.99,Merchandise
3/12/2023,3/12/2023,TRADER JOE'S #078 QPS SANFRANCISCO CA,19.55,Supermarkets
3/12/2023,3/12/2023,WWW.DIGISTORE24.COM - 8003567947 FL,39.00,Merchandise
3/13/2023,3/13/2023,SQ *DONUT DELITE SAN MATEO CA0001152921512561484525,9.09,Merchandise
3/15/2023,3/15/2023,365 MARKET J 888 432-329 TROY MI,11.78,Restaurants
3/15/2023,3/15/2023,BART-PARKING MILLBRAE MILLBRAE CA,3.00,Services
3/15/2023,3/15/2023,OTF SOUTH SAN FRAN 1266 650-8262009 CA,4.40,Travel/ Entertainment
3/15/2023,3/15/2023,PAYPAL *CRUNCHYROLL 402-935-7733 CA,7.99,Services
3/15/2023,3/15/2023,SQ *FICTION COFFEE @ W SAN FRANCISCOCA0001152921512569931186,14.67,Supermarkets
3/15/2023,3/15/2023,TARGET 00027664091 SAN FRANCISCOCA,26.10,Supermarkets
3/15/2023,3/15/2023,WWW.WEWORK.COM 6467604450 NY,50.72,Services
3/16/2023,3/16/2023,8CHICK-FIL-A #04448 DALY CITY CA,14.93,Restaurants
3/16/2023,3/16/2023,CCBILL.COM 888-5969279 AZ,15.95,Merchandise
3/16/2023,3/16/2023,CLAIRE'S #6154 DALY CITY CA,134.04,Merchandise
3/16/2023,3/16/2023,UNIQLO USA LLC NEW YORK NY,109.44,Merchandise
3/17/2023,3/17/2023,PAMF PA ONLINE BILL PAY 877-252-1777 CA,938.85,Medical Services
3/17/2023,3/17/2023,THE BLACKSMITH REDWOOD CITY CA,48.56,Restaurants
3/17/2023,3/17/2023,TMOBILE*AUTO PAY 800-937-8997 WAITEM TRANSFERRED FROM PREV ACCOUNT,111.63,Merchandise
3/18/2023,3/18/2023,CCBILL.COM 888-5969279 AZ,5.30,Merchandise
3/18/2023,3/18/2023,WHOLEFDS SMT 10150 SAN MATEO CA,75.81,Supermarkets
3/19/2023,3/19/2023,99 RANCH #1782 FOSTER CITY CA,2.18,Supermarkets
3/19/2023,3/19/2023,AMAZON.COM*HC36Y7EF2 AMZN.COM/BILLWA34CR0MRNJL8,15.19,Merchandise
3/19/2023,3/19/2023,AMZN MKTP US*HC2FL3H21 AMZN.COM/BILLWA5X42XPX36E6,5.47,Merchandise
3/19/2023,3/19/2023,APPLE.COM/BILL 866-712-7753 CAAPPLE PAY ENDING IN 1455MMWD3HW7YFA0,5.29,Merchandise
3/19/2023,3/19/2023,ONEPASS 877-515-9364 MN77847,125.10,Services
3/19/2023,3/19/2023,SQ *SPECIAL POPUP MENLO PARK CA0001152921512584397815,33.00,Supermarkets
3/20/2023,3/20/2023,CHATGPT SUBSCRIPTION 4158799686 CA,20.00,Merchandise
3/20/2023,3/20/2023,OTF SOUTH SAN FRAN 1266 650-8262009 CA,130.76,Travel/ Entertainment
3/21/2023,3/21/2023,INTERNET PAYMENT - THANK YOU,-1079.82,Payments and Credits
3/21/2023,3/21/2023,TIXR* MIDWAYSF BOILER 8189626635 CA,55.00,Merchandise
3/22/2023,3/22/2023,ATI8363-032236444 310-627-2866 CAAPPLE PAY ENDING IN 1455,5.00,Travel/ Entertainment
3/22/2023,3/22/2023,O'REILLY AUTO PARTS 6178 SOUTH SAN FRACA,48.34,Automotive
3/22/2023,3/22/2023,O'REILLY AUTO PARTS 6178 SOUTH SAN FRACA,58.22,Automotive
3/22/2023,3/22/2023,TCKTWEB*CRUMBAUTOMATIC 800-965-4827 CA945734576F17G0X2,40.66,Travel/ Entertainment
3/22/2023,3/22/2023,TM *UNKNOWN MORTAL ORC 800-653-8000 CANCA/43-24774,53.25,Travel/ Entertainment
3/22/2023,3/22/2023,WOODLANDS MARKETS SAN FRANCISCOCA,58.95,Supermarkets
3/23/2023,3/23/2023,INTERNET PAYMENT - THANK YOU,-1582.05,Payments and Credits
3/24/2023,3/24/2023,APPLE.COM/BILL 866-712-7753 CAAPPLE PAY ENDING IN 1455MMWD3KNN9SA0,6.35,Merchandise
3/24/2023,3/24/2023,CAFFE CENTRAL BURLINGAME CA,30.82,Restaurants
3/24/2023,3/24/2023,OTF SOUTH SAN FRAN 1266 650-8262009 CA,5.49,Travel/ Entertainment
3/24/2023,3/26/2023,CHATGPT SUBSCRIPTION 4158799686 CA,-20.00,Payments and Credits
3/25/2023,3/25/2023,CARLS JR SID 1101051 SAN JOSE CA,15.74,Restaurants
3/25/2023,3/25/2023,GP SPORTS - CA SAN JOSE CA,43.70,Merchandise
3/25/2023,3/25/2023,PACIFIC MOTORCYCLE TRAIN LIVERMORE CA,350.00,Education
3/26/2023,3/26/2023,CLR*STRETCHLAB SAN FRANCISCOCACLR*STRETCHLAB,17.36,Medical Services
3/26/2023,3/26/2023,SQ *NICK THE GREEK OYS SOUTH SAN FRACA0002305843017289917533,12.92,Restaurants
3/26/2023,3/26/2023,TARGET 00010546091 SAN BRUNO CA,72.47,Supermarkets
3/26/2023,3/26/2023,UNION 76 MILLBRAE CA,51.44,Gasoline
3/27/2023,3/27/2023,CITY OF SM PW PARKING ME SAN MATEO CA,1.50,Services
3/27/2023,3/27/2023,OTF SAN MATEO 650-4870404 CA,4.39,Travel/ Entertainment
3/27/2023,3/27/2023,SPROUTS FARMERS MARSSS DALY CITY CA,63.73,Supermarkets
3/28/2023,3/28/2023,BART-PARKING MILLBRAE MILLBRAE CA,3.00,Services
3/28/2023,3/28/2023,SQ *THE FILLMORE SAN F LOS ANGELES CA0002305843017301326405,31.86,Restaurants
3/28/2023,3/28/2023,TIXR* MIDWAYSF ELECTRI 8189626635 CA,68.78,Merchandise
3/28/2023,3/28/2023,UNIQLO USA LLC NEW YORK NY,87.68,Merchandise
3/28/2023,3/28/2023,UNKNOWN MORTAL ORCHEST 6502396947 ME,115.50,Merchandise
3/29/2023,3/29/2023,CCBILL.COM 888-5969279 AZ,11.16,Merchandise
3/29/2023,3/29/2023,STORE*BENS FAST FOOD 6506819470 CA,9.81,Restaurants
3/29/2023,3/29/2023,UBER TRIP 866-576-1039 CA,11.97,Travel/ Entertainment
3/29/2023,3/29/2023,UBER TRIP 866-576-1039 CA,13.94,Travel/ Entertainment
3/30/2023,3/30/2023,DISNEYPLUS 888-905-7888 CADISNEYPLUS,109.99,Services
3/30/2023,3/30/2023,MQ HEALTHY FAST FOOD MILLBRAE CA,16.12,Restaurants
4/1/2023,4/1/2023,CA ACAD. OF SCIENCES O SAN FRANCISCOCATXNREF12345,147.75,Services
4/1/2023,4/1/2023,CALIFORNIA ACAD SCIENCES SAN FRANCISCOCA,27.16,Merchandise
4/1/2023,4/1/2023,SPOTIFY P221EA32B1 8777781161 NY,4.99,Merchandise
4/1/2023,4/1/2023,SQ *LUCHO?S SAN FRANCISCOCA0001152921512631103478,30.51,Restaurants
4/1/2023,4/3/2023,NETFLIX.COM NETFLIX.COM CAITEM TRANSFERRED FROM PREV ACCOUNT,10.59,Merchandise
4/1/2023,4/3/2023,PLANNED PARENTHOOD ACTIO NEW YORK NY,5.00,Services
4/2/2023,4/2/2023,ONEPASS 877-515-9364 MN89085,125.10,Services
4/2/2023,4/2/2023,ONEPASS 877-515-9364 MN87520,139.00,Services
4/2/2023,4/2/2023,UBER TRIP 866-576-1039 CA,14.98,Travel/ Entertainment
4/2/2023,4/3/2023,KRYSTAL AND SAAGAR 2025317527 DCITEM TRANSFERRED FROM PREV ACCOUNT,10.00,Merchandise
4/3/2023,4/3/2023,AMAZON.COM*HS1342CV1 AMZN.COM/BILLWA1E81FBKFHJL,30.38,Merchandise
4/3/2023,4/3/2023,AMZN MKTP US*HS5FE4ER0 AMZN.COM/BILLWA4340TRTHK9K,45.00,Merchandise
4/3/2023,4/3/2023,AUTOMATIC STATEMENT CREDIT,-57.91,Awards and Rebate Credits
4/3/2023,4/3/2023,GOOGLE *YT PRIMETIME G.CO/HELPPAY#CAP0QJ0JW7,15.89,Services
4/3/2023,4/3/2023,SPROUTS FARMERS MARSSS DALY CITY CAAPPLE PAY ENDING IN 1455,54.61,Supermarkets
4/3/2023,4/3/2023,UNION STREET PLAZA GARAG SAN FRANCISCOCA,30.00,Services
4/5/2023,4/5/2023,CLAIRE'S #6827 SAN MATEO CA,26.30,Merchandise
4/5/2023,4/5/2023,CLR*RUMBLEBOX 415-651-2297 CACLR*RUMBLEBOX,35.00,Travel/ Entertainment
4/5/2023,4/5/2023,EDDYS MARKET SAN FRANCISCOCA,12.26,Supermarkets
4/5/2023,4/5/2023,INTERNET PAYMENT - THANK YOU,-2889.63,Payments and Credits
4/5/2023,4/5/2023,KJ PRODUCE MARKET SAN FRANCISCOCA,7.17,Supermarkets
4/5/2023,4/5/2023,KJ PRODUCE MARKET SAN FRANCISCOCA,7.98,Supermarkets
4/5/2023,4/5/2023,OBSIDIAN.MD 2262203323 CAN,10.00,Merchandise
4/5/2023,4/5/2023,TARGET 00011221091 SAN MATEO CA,10.66,Supermarkets
4/5/2023,4/5/2023,USPS PO 0510320110 BURLINGAME CA,16.94,Government Services
4/6/2023,4/6/2023,A MEDIUM CORPORATION 415-508-5008 CA,50.00,Services
4/6/2023,4/6/2023,AMZN MKTP US*HS5PF6200 AMZN.COM/BILLWAI0JU9V579DE,15.34,Merchandise
4/6/2023,4/6/2023,SQ *OCEANIC FOOT SPA BURLINGAME CA0001152921512650004010,40.00,Services
4/7/2023,4/7/2023,APPLE.COM/BILL 866-712-7753 CAAPPLE PAY ENDING IN 1455MMWD4T3J6FA0,9.99,Merchandise
4/7/2023,4/7/2023,CAFFE CENTRAL BURLINGAME CA,25.88,Restaurants
4/7/2023,4/7/2023,TARGET 00011221091 SAN MATEO CA,31.37,Supermarkets
4/8/2023,4/8/2023,ANDERSEN BAKERY #03 SAN FRANCISCOCA,4.13,Merchandise
4/8/2023,4/8/2023,ANDERSEN BAKERY #03 SAN FRANCISCOCA,6.05,Merchandise
4/8/2023,4/8/2023,IMPARK00270201A SAN FRANCISCOCA00811R,20.00,Services
4/8/2023,4/8/2023,SP YN MOTO 5125372651 TX,127.94,Merchandise
4/9/2023,4/9/2023,CLR*YOGASIX6505342692 650-534-2692 CACLR*YOGASIX6505342692,3.00,Travel/ Entertainment
4/9/2023,4/9/2023,GOOGLE *YOUTUBE TV G.CO/HELPPAY#CAP0QT7VHG,64.99,Services
4/9/2023,4/9/2023,SPEEDWAY 04976 501 SERRA DALY CITY CAAPPLE PAY ENDING IN 1455,48.23,Gasoline
4/9/2023,4/9/2023,TST* RAD RADISH - HAYES SAN FRANCISCOCAAPPLE PAY ENDING IN 1455,6.43,Restaurants
4/9/2023,4/9/2023,TST* RAD RADISH - HAYES SAN FRANCISCOCAAPPLE PAY ENDING IN 1455,7.72,Restaurants
4/10/2023,4/10/2023,AMZN MKTP US*HS98J9992 AMZN.COM/BILLWA10V0LDVGEHP,16.65,Merchandise
4/10/2023,4/10/2023,APPLE.COM/BILL 111-111-1111 CAAPPLE PAY ENDING IN 1455,16.95,Merchandise
4/10/2023,4/10/2023,CARBON HEALTH 4152002133 CA,32.48,Medical Services
4/10/2023,4/10/2023,CARBON HEALTH 4152002133 CA,34.05,Medical Services
4/10/2023,4/10/2023,CLR*RUMBLEBOX 415-651-2297 CACLR*RUMBLEBOX,3.00,Travel/ Entertainment
4/10/2023,4/10/2023,CLR*RUMBLEBOX 415-651-2297 CACLR*RUMBLEBOX,8.72,Travel/ Entertainment
4/11/2023,4/11/2023,TARGET 00011221091 SAN MATEO CA,38.45,Supermarkets
4/12/2023,4/12/2023,AMZN MKTP US*HJ93E3E01 AMZN.COM/BILLWA1URTK5EZBVP,44.46,Merchandise
4/12/2023,4/12/2023,ETSY.COM BROOKLYN NY,34.28,Merchandise
4/12/2023,4/12/2023,ETSY.COM BROOKLYN NY,80.03,Merchandise
4/13/2023,4/13/2023,AMZN MKTP US*HJ60P7VT1 AMZN.COM/BILLWA75F0LN503JI,9.86,Merchandise
4/13/2023,4/13/2023,APPLE.COM/BILL 866-712-7753 CAAPPLE PAY ENDING IN 1455MMWD54F3Z0A0,13.21,Merchandise
4/13/2023,4/13/2023,"LOWE'S OF SAN BRUNO, CA SAN BRUNO CA",23.91,Home Improvement
4/13/2023,4/13/2023,SP HOOOYI 3037328232 COAPPLE PAY ENDING IN 1455,56.76,Merchandise
4/14/2023,4/14/2023,2OAKLAND ARENA OAKLAND CA,32.97,Restaurants
4/14/2023,4/14/2023,CCBILL.COM 888-5969279 AZ,12.76,Merchandise
4/14/2023,4/14/2023,DELTA AIR LINES 18002211212 ESP,21.66,Travel/ Entertainment
4/14/2023,4/14/2023,DELTA AIR LINES 18002211212 ESP,21.66,Travel/ Entertainment
4/14/2023,4/14/2023,SAN FRANCISCO GIFT BASKE SAN FRANCISCOCA,9.22,Merchandise
4/14/2023,4/14/2023,SPROUTS FARMERS MARSSS DALY CITY CA,64.05,Supermarkets
4/14/2023,4/14/2023,STATE FARM INSURANCE 800-956-6310 ILITEM TRANSFERRED FROM PREV ACCOUNT,80.04,Merchandise
4/15/2023,4/15/2023,CYCLE GEAR # 7 REDWOOD CITY CA,126.33,Merchandise
4/15/2023,4/15/2023,FASTRAK CSC 415-486-8655 CA,25.00,Travel/ Entertainment
4/16/2023,4/16/2023,PAYPAL *CRUNCHYROLL 402-935-7733 CA,7.99,Services
4/17/2023,4/17/2023,AMAZON.COM*HJ7H69R52 AMZN.COM/BILLWA57IRUNRC7SV,19.72,Merchandise
4/17/2023,4/17/2023,AMZN MKTP US*HV6D31LD1 AMZN.COM/BILLWA14WFRYTH47Q,87.68,Merchandise
4/17/2023,4/17/2023,APPLE.COM/BILL 111-111-1111 CAAPPLE PAY ENDING IN 1455,7.41,Merchandise
4/17/2023,4/17/2023,CLR*RUMBLEBOX 415-651-2297 CACLR*RUMBLEBOX,3.27,Travel/ Entertainment
4/17/2023,4/17/2023,TMOBILE*AUTO PAY 800-937-8997 WAITEM TRANSFERRED FROM PREV ACCOUNT,111.63,Merchandise
4/18/2023,4/18/2023,AMAZON.COM*HV4IJ05Z0 AMZN.COM/BILLWA29M6LQUY1BI,32.28,Merchandise
4/18/2023,4/18/2023,INTERNET PAYMENT - THANK YOU,-1494.12,Payments and Credits
4/18/2023,4/18/2023,TARGET 00011221091 SAN MATEO CA,50.28,Supermarkets
4/19/2023,4/19/2023,AMZN MKTP US*HV90Z6VC1 AMZN.COM/BILLWA6STDXXU2MRT,54.80,Merchandise
4/19/2023,4/19/2023,AMZN MKTP US*HV9ED2S00 AMZN.COM/BILLWA2XDC3WJ46KV,32.88,Merchandise
4/19/2023,4/19/2023,CLR*CLUBPILATE6507537022 650-753-7022 CACLR*CLUBPILATE6507537022,15.31,Travel/ Entertainment
4/19/2023,4/19/2023,SHELL57444214001 PALO ALTO CA,51.27,Gasoline
4/19/2023,4/19/2023,TACO BELL #28833 PALO ALTO CA,10.36,Restaurants
4/20/2023,4/20/2023,AMZN MKTP US*HV1OO79T0 AMZN.COM/BILLWA10EAGXVLDT8,47.06,Merchandise
4/20/2023,4/20/2023,CHIPOTLE 2028 SAN MATEO CA,10.58,Restaurants
4/20/2023,4/20/2023,WHOLEFDS SMT 10150 SAN MATEO CA,58.65,Supermarkets
4/20/2023,4/21/2023,AMZN MKTP US AMZN.COM/BILLWA5M9FP4POTTV,-44.46,Payments and Credits
4/21/2023,4/21/2023,SAFEWAY #1547 BURLINGAME CA,38.02,Supermarkets
4/21/2023,4/21/2023,SPROUTS FARMERS MARSSS DALY CITY CA,90.75,Supermarkets
4/21/2023,4/21/2023,WHOLEFDS SMT 10150 SAN MATEO CA,10.94,Supermarkets
4/22/2023,4/22/2023,AMZN MKTP US*HV1M40IE2 AMZN.COM/BILLWA1APFOI5XAOD,76.73,Merchandise
4/22/2023,4/22/2023,AMZN MKTP US*HV9NY89Q2 AMZN.COM/BILLWANOP9X4US30V,49.15,Merchandise
4/22/2023,4/22/2023,SP LONELY PLANET 7049712300 SC,12.95,Merchandise
4/22/2023,4/22/2023,SP LONELY PLANET 7049712300 SC,14.95,Merchandise
4/23/2023,4/23/2023,SQ *CURRY UP NOW REDWOOD CITY CA0001152921512707391632,26.23,Restaurants
4/23/2023,4/23/2023,SQ *NEIGHBOR SAN FRANCISCOCA0001152921512705647885,11.36,Restaurants
4/23/2023,4/23/2023,SQ *WOOLY PIG SAN FRANCISCOCA0002305843017457924686,8.52,Restaurants
4/25/2023,4/25/2023,ALASKA AIRLINES 2064333200 WA,63.90,Travel/ Entertainment
4/25/2023,4/25/2023,AMZN MKTP US*HF1PU7QE0 AMZN.COM/BILLWA17OPPZ38VUH,35.93,Merchandise
4/25/2023,4/25/2023,AMZN MKTP US*HF3HV8SM0 AMZN.COM/BILLWA2ZA3WREJCJF,40.31,Merchandise
4/25/2023,4/25/2023,ARCO#04495SINO AMERICAN SAN MATEO CA,48.88,Gasoline
4/25/2023,4/25/2023,DELTA AIR LINES 18002211212 CA,53.90,Travel/ Entertainment
4/25/2023,4/25/2023,SPROUTS FARMERS MARSSS DALY CITY CA,76.40,Supermarkets
4/25/2023,4/25/2023,THE SPORTS PAGE INC MOUNTAIN VIEWCA,49.83,Restaurants
4/26/2023,4/26/2023,AMZN MKTP US*HF1UJ6BP1 AMZN.COM/BILLWA7I8XIMJAU3F,119.49,Merchandise
4/26/2023,4/26/2023,CCBILL.COM 888-5969279 AZ,7.43,Merchandise
4/26/2023,4/26/2023,CCBILL.COM 888-5969279 AZ,13.81,Merchandise
4/26/2023,4/26/2023,OTF SOUTH SAN FRAN 1266 650-8262009 CA,22.00,Travel/ Entertainment
4/27/2023,4/27/2023,AFFIRM.COM PAYMENTS 8554233729 CA,51.52,Merchandise
4/28/2023,4/28/2023,BEST BUY 00001404295 SAN CARLOS CA,157.47,Merchandise
4/29/2023,4/29/2023,MIDWAY CATERING SAN FRANCISCOCA,36.23,Restaurants
4/29/2023,4/29/2023,SQ *MY FAVORITE SAN FRANCISCOCA0001152921512729075030,27.16,Merchandise
4/29/2023,4/29/2023,SQ *ROSE GOLD'S TATTOO SAN FRANCISCOCA0002305843017492799212,255.09,Merchandise
4/29/2023,4/29/2023,SQ *WAKE CUP* GOSQ.COM CAAPPLE PAY ENDING IN 14550001152921512729126492,13.91,Restaurants
4/29/2023,4/29/2023,TCB*MTA METER MTA P 415-701-2311 CA,2.34,Services
4/30/2023,4/30/2023,CLR*YOGASIX6505342692 650-534-2692 CACLR*YOGASIX6505342692,6.00,Travel/ Entertainment
4/30/2023,4/30/2023,UBER TRIP 866-576-1039 CA,12.15,Travel/ Entertainment
4/30/2023,4/30/2023,UBER TRIP 866-576-1039 CA,35.91,Travel/ Entertainment
5/1/2023,5/1/2023,AMAZON.COM*HM0XF3PK1 AMZN.COM/BILLWA1DY6V72UBYO,32.28,Merchandise
5/1/2023,5/1/2023,CHATGPT SUBSCRIPTION 4158799686 CA,20.00,Merchandise
5/1/2023,5/1/2023,FD *CA DMV 593 *SVC 800-777-0133 CA,0.70,Government Services
5/1/2023,5/1/2023,FD *CA DMV 593 *SVC 800-777-0133 CA,0.87,Government Services
5/1/2023,5/1/2023,FD *CA DMV 593 SAN MATEO CA,41.00,Government Services
5/1/2023,5/1/2023,SPOTIFY P22C8F28A6 8777781161 NY,4.99,Merchandise
5/1/2023,5/2/2023,FD *CA DMV 593 *SVC 800-777-0133 CA,-0.70,Payments and Credits
5/1/2023,5/3/2023,NETFLIX.COM NETFLIX.COM CAITEM TRANSFERRED FROM PREV ACCOUNT,10.59,Merchandise
5/1/2023,5/3/2023,PLANNED PARENTHOOD ACTIO NEW YORK NY,5.00,Services
5/2/2023,5/2/2023,ONEPASS 877-515-9364 MN101843,125.10,Services
5/2/2023,5/2/2023,ONEPASS 877-515-9364 MN100417,139.00,Services
5/2/2023,5/3/2023,BROADWAY VALERO BURLINGAME CA,48.84,Gasoline
5/2/2023,5/3/2023,GOLDEN BOY PIZZA SM SAN MATEO CA,32.68,Restaurants
5/2/2023,5/3/2023,KRYSTAL AND SAAGAR 2025317527 DCITEM TRANSFERRED FROM PREV ACCOUNT,10.00,Merchandise
5/2/2023,5/3/2023,TCB*MTA METER MTA P 415-701-2311 CA,6.00,Services
5/3/2023,5/3/2023,AUTOMATIC STATEMENT CREDIT,-46.32,Awards and Rebate Credits
5/3/2023,5/3/2023,GOOGLE *YT PRIMETIME G.CO/HELPPAY#CAP0RU2YP6,15.89,Services
5/3/2023,5/3/2023,INTERNET PAYMENT - THANK YOU,-2069.29,Payments and Credits
5/3/2023,5/3/2023,OTF SAN MATEO 650-4870404 CA,4.39,Travel/ Entertainment
5/3/2023,5/3/2023,STORE*STICK & STEAM 6506819470 CAAPPLE PAY ENDING IN 1455,29.59,Restaurants
5/3/2023,5/3/2023,VENMO *ASACKOFPOTATOE 312-257-2300 NY,45.41,Restaurants
5/4/2023,5/4/2023,AMZN MKTP US*L72039SM3 AMZN.COM/BILLWA7I09WRJXWE2,98.65,Merchandise
5/4/2023,5/4/2023,COURSRA155309EGAS725U 650-963-9884 CA,49.00,Education
5/4/2023,5/4/2023,COURSRA92N5SOTLK7TT8U 650-963-9884 CA,49.00,Education
5/4/2023,5/4/2023,FASTRAK CSC 415-486-8655 CA,25.00,Travel/ Entertainment
5/4/2023,5/4/2023,INTERVIEW QUERY 6504513704 CA,59.00,Services
5/4/2023,5/4/2023,SP MANDUKA 3104261495 CAAPPLE PAY ENDING IN 1455,109.63,Merchandise
5/4/2023,5/4/2023,SP PACSAFE 2067227233 WA,96.47,Merchandise
5/4/2023,5/4/2023,SPROUTS FARMERS MARSSS DALY CITY CA,110.58,Supermarkets
5/4/2023,5/4/2023,TARGET 00014076091 DALY CITY CA,54.50,Supermarkets
5/6/2023,5/6/2023,ATI10845-05060180 310-627-2866 CAAPPLE PAY ENDING IN 1455,33.20,Travel/ Entertainment
5/6/2023,5/6/2023,CENTURY THEATRES 494 SAN BRUNO CA0494008A7A38,10.95,Travel/ Entertainment
5/6/2023,5/6/2023,PP*COASTAL CURL OAKLAND CA,150.00,Services
5/6/2023,5/6/2023,SQ *MATCHA CAFE MAIKO SAN FRANCISCOCA0001152921512757654100,12.86,Restaurants
5/7/2023,5/7/2023,APPLE.COM/BILL 866-712-7753 CAAPPLE PAY ENDING IN 1455MMWD6V6T19A0,9.99,Merchandise
5/7/2023,5/7/2023,APPLE.COM/BILL 866-712-7753 CAAPPLE PAY ENDING IN 1455MMWD6MTHKDA0,38.14,Merchandise
5/7/2023,5/7/2023,CRUMBL* SHIPPING 8014101313 UT,68.04,Supermarkets
5/7/2023,5/7/2023,DAISO BA07 JPN TOWN UBOC SAN FRANCISCOCA,4.75,Merchandise
5/7/2023,5/7/2023,SQ *THE EPICUREAN TRAD SAN FRANCISCOCA0001152921512760635944,44.49,Supermarkets
5/7/2023,5/7/2023,WEST COAST CONFECTION 4252207805 CA,40.00,Merchandise
5/8/2023,5/8/2023,7-ELEVEN 27768 SUNNYVALE CA,7.23,Gasoline
5/8/2023,5/8/2023,AAA REDWOOD CITY REDWOOD CITY CA22314,20.00,Services
5/8/2023,5/8/2023,SQ *TACOS EL NOA NOA SUNNYVALE CA0001152921512766409329,13.35,Restaurants
5/9/2023,5/9/2023,BERT'S STADIUM SPORTS BA SUNNYVALE CA,60.00,Restaurants
5/9/2023,5/9/2023,CITY OF SM PW PARKING ME SAN MATEO CA,1.00,Services
5/9/2023,5/9/2023,GOOGLE *YOUTUBE TV G.CO/HELPPAY#CAP0RE6BVI,72.99,Services
5/9/2023,5/9/2023,TST* CHE FICO SAN FRANCISCOCA00043356011644879331AA,96.47,Restaurants
5/9/2023,5/9/2023,USPS PO 0568940251 SAN MATEO CA,38.18,Government Services
5/10/2023,5/10/2023,CHIPOTLE 2028 SAN MATEO CA,13.70,Restaurants
5/10/2023,5/10/2023,WHOLEFDS SMT 10150 SAN MATEO CA,61.62,Supermarkets
5/11/2023,5/11/2023,AFFIRM.COM PAYMENTS 8554233729 CA,51.52,Merchandise
5/11/2023,5/11/2023,AMZN MKTP US*1Q97M66P3 AMZN.COM/BILLWA31PBDZEL4IV,35.68,Merchandise
5/11/2023,5/11/2023,APPLE.COM/BILL 866-712-7753 CAAPPLE PAY ENDING IN 1455MMWD73MWTBA0,16.95,Merchandise
5/11/2023,5/11/2023,CCBILL.COM 888-5969279 AZ,9.66,Merchandise
5/11/2023,5/11/2023,UBER TRIP 866-576-1039 CA,1.00,Travel/ Entertainment
5/11/2023,5/11/2023,UBER TRIP 866-576-1039 CA,3.00,Travel/ Entertainment
5/11/2023,5/11/2023,UBER TRIP 866-576-1039 CA,13.90,Travel/ Entertainment
5/11/2023,5/11/2023,UBER TRIP 866-576-1039 CA,14.98,Travel/ Entertainment
5/12/2023,5/12/2023,BEST OF THAI NOODLE SAN FRANCISCOCA,45.30,Restaurants
5/12/2023,5/12/2023,CROSSROADS TRADING CO- SAN FRANCISCOCA,36.54,Merchandise
5/12/2023,5/12/2023,GOODWILL OF SAN FRANCI SAN FRANCISCOCA,10.00,Merchandise
5/12/2023,5/12/2023,SP KAYO ANIME CLOT 6463129658 CA,117.32,Merchandise
5/12/2023,5/12/2023,SQUARE ENIX 310-846-0345 CASQUARE ENIX,77.94,Travel/ Entertainment
5/13/2023,5/13/2023,DOG PATCH SFO T1 SAN FRANCISCOCA,8.80,Restaurants
5/13/2023,5/13/2023,MOTEL SAKURA GLENDALE CA,190.40,Travel/ Entertainment
5/13/2023,5/13/2023,SQ *ROSE BOWL SPECIAL PASADENA CA0001152921512786603081,35.72,Restaurants
5/13/2023,5/13/2023,SQ *ROSE BOWL SPECIAL SAN DIEGO CA0001152921512785339827,5.29,Restaurants
5/13/2023,5/13/2023,UBER TRIP 866-576-1039 CA,16.73,Travel/ Entertainment
5/13/2023,5/13/2023,UBER TRIP 866-576-1039 CA,18.93,Travel/ Entertainment
5/13/2023,5/13/2023,UBER TRIP 866-576-1039 CA,42.98,Travel/ Entertainment
5/13/2023,5/13/2023,UBER* TRIP 8665761039 CA,5.00,Travel/ Entertainment
5/13/2023,5/13/2023,UBER* TRIP 8665761039 CA,66.92,Travel/ Entertainment
5/14/2023,5/14/2023,HARVARD BUS EDUCATION 617-783-7600 MA4373424,51.25,Merchandise
5/14/2023,5/14/2023,PY *URBAN REMEDY UNION S SAN FRANCISCOCA,19.53,Supermarkets
5/14/2023,5/14/2023,SQ *GIO GELATO ITALIAN SAN FRANCISCOCA0001152921512789145824,10.68,Supermarkets
5/14/2023,5/14/2023,SQ *THE ITALIAN HOMEMA SAN FRANCISCOCA0001152921512788602132,19.16,Restaurants
5/14/2023,5/14/2023,UBER TRIP 866-576-1039 CA,5.00,Travel/ Entertainment
5/14/2023,5/14/2023,UBER TRIP 866-576-1039 CA,15.94,Travel/ Entertainment
5/15/2023,5/15/2023,CARBON HEALTH 4152002133 CA,33.82,Medical Services
5/15/2023,5/15/2023,LYFT *1 RIDE 05-13 855-865-9553 CA,86.99,Travel/ Entertainment
5/16/2023,5/16/2023,AMAZON.COM*QU3PZ72H3 AMZN.COM/BILLWA38UH4KR2QQY,22.08,Merchandise
5/16/2023,5/16/2023,AMZN MKTP US*FY8F70SH3 AMZN.COM/BILLWA7E3FBWDH7Z7,71.00,Merchandise
5/16/2023,5/16/2023,F45 REDWOOD CITY 4085987324 CA,30.00,Travel/ Entertainment
5/16/2023,5/16/2023,F45 REDWOOD CITY 4085987324 CA,30.00,Travel/ Entertainment
5/16/2023,5/16/2023,INTERNET PAYMENT - THANK YOU,-2729.82,Payments and Credits
5/16/2023,5/16/2023,PAYPAL *CRUNCHYROLL 402-935-7733 CA,7.99,Services
5/16/2023,5/16/2023,SPROUTS FARMERS MARSSS DALY CITY CA,163.03,Supermarkets
5/16/2023,5/16/2023,STATE FARM INSURANCE 800-956-6310 ILITEM TRANSFERRED FROM PREV ACCOUNT,88.02,Merchandise
5/16/2023,5/16/2023,TARGET 00010546091 SAN BRUNO CA,141.05,Supermarkets
5/17/2023,5/17/2023,AMZN MKTP US*DJ7439SE3 AMZN.COM/BILLWA6QCKAISGTB5,39.17,Merchandise
5/17/2023,5/17/2023,APPLE.COM/BILL 866-712-7753 CAAPPLE PAY ENDING IN 1455MMWD782JWVA0,3.17,Merchandise
5/17/2023,5/17/2023,ONNIT 6827428 855-666-4899 TX,40.23,Supermarkets
5/17/2023,5/17/2023,POPEYES 12433 MILPITAS CA,11.68,Restaurants
5/17/2023,5/17/2023,SAN ANTONIO VALERO MOUNTAIN VIEWCA,55.19,Gasoline
5/17/2023,5/17/2023,TMOBILE*AUTO PAY 800-937-8997 WAITEM TRANSFERRED FROM PREV ACCOUNT,111.63,Merchandise
5/17/2023,5/17/2023,WALGREENS #0625 MILLBRAE CA,30.73,Merchandise
5/18/2023,5/18/2023,APPLE.COM/BILL 866-712-7753 CAAPPLE PAY ENDING IN 1455MMWD7LYDGHA0,7.41,Merchandise
5/18/2023,5/18/2023,BONOBOS 1-877-294-7737 NEW YORK NY,154.35,Merchandise
5/18/2023,5/18/2023,F45 TRAINING SAN MATEO 6502740896 CA,25.00,Travel/ Entertainment
5/18/2023,5/18/2023,F45 TRAINING SAN MATEO 6502740896 CA,25.00,Travel/ Entertainment
5/19/2023,5/19/2023,ASICS CORPORATION IRVINE CA,159.55,Merchandise
5/19/2023,5/19/2023,FEDEX940837088448 901-4348994 TN,4.05,Services
5/19/2023,5/19/2023,LA DOLCE VITA GELATO MILPITAS CA,10.70,Restaurants
5/19/2023,5/19/2023,MINISO GREAT MALL MILPITAS CA,36.75,Merchandise
5/19/2023,5/19/2023,SPROUTS FARMERS MARSSS DALY CITY CA,57.50,Supermarkets
5/19/2023,5/19/2023,TARGET 00003202091 DALY CITY CA,24.04,Supermarkets
5/20/2023,5/20/2023,CLR*YOGASIX6505342692 650-534-2692 CACLR*YOGASIX6505342692,34.61,Travel/ Entertainment
5/20/2023,5/20/2023,GOLDEN BOY PIZZA SM SAN MATEO CA,15.96,Restaurants
5/20/2023,5/20/2023,REI #83 SAN FRANCISCO SAN FRANCISCOCA2008440830256457,72.75,Merchandise
5/20/2023,5/20/2023,UNIQLO USA LLC NEW YORK NY,76.45,Merchandise
5/20/2023,5/20/2023,UNIQLO USA LLC NEW YORK NY,163.80,Merchandise
5/21/2023,5/21/2023,CCBILL.COM 888-5969279 AZ,10.63,Merchandise
5/21/2023,5/21/2023,FASTRAK CSC 415-486-8655 CA,25.00,Travel/ Entertainment
5/21/2023,5/21/2023,SHELL57444215701 SAN MATEO CA,50.31,Gasoline
5/21/2023,5/21/2023,THE SPORTS BASEMENT REDW REDWOOD CITY CA,27.17,Merchandise
5/22/2023,5/22/2023,"1-800 CONTACTS, INC. 800-266-8228 UT",0.01,Medical Services
5/22/2023,5/22/2023,"1-800 CONTACTS, INC. 800-266-8228 UT",129.97,Medical Services
5/22/2023,5/22/2023,AMZN MKTP US*0B1421OH3 AMZN.COM/BILLWA14Q5CF71KPK,32.88,Merchandise
5/22/2023,5/22/2023,AMZN MKTP US*GR55S7T43 AMZN.COM/BILLWA4C1XM6PKYDW,60.24,Merchandise
5/22/2023,5/22/2023,CARBON HEALTH 4152002133 CA,14.28,Medical Services
5/22/2023,5/22/2023,F45 REDWOOD CITY 4085987324 CA,30.00,Travel/ Entertainment
5/22/2023,5/22/2023,GA INST TECH PAYPATH 9135996699 KS,932.00,Education
5/22/2023,5/22/2023,TARGET 00011221091 SAN MATEO CA,8.50,Supermarkets
5/22/2023,5/22/2023,TN GA INST TECH PAYPATH 9135996699 KS,27.49,Education
5/23/2023,5/23/2023,ADIDAS 6531 SAN FRANCI SAN FRANCISCOCA,92.38,Merchandise
5/23/2023,5/23/2023,AMZN MKTP US*NT1FI7NP3 AMZN.COM/BILLWA38ZGIH88Q02,82.21,Merchandise
5/23/2023,5/23/2023,ASICS CORPORATION IRVINE CA,159.55,Merchandise
5/23/2023,5/23/2023,CCBILL.COM 888-5969279 AZ,4.25,Merchandise
5/23/2023,5/23/2023,CCBILL.COM 888-5969279 AZ,7.43,Merchandise
5/23/2023,5/23/2023,CCBILL.COM 888-5969279 AZ,10.62,Merchandise
5/23/2023,5/23/2023,CCBILL.COM 888-5969279 AZ,10.62,Merchandise
5/23/2023,5/23/2023,FANTASYMATH.COM 9204509068 WI,79.00,Merchandise
5/23/2023,5/23/2023,SAFEWAY #2878 MILLBRAE CA,40.69,Supermarkets
5/23/2023,5/23/2023,SQ *SHAKE SHACK SAN MATEO CA0001152921512819154137,23.05,Restaurants
5/23/2023,5/23/2023,UBER TRIP 866-576-1039 CA,1.00,Travel/ Entertainment
5/23/2023,5/23/2023,UBER TRIP 866-576-1039 CA,7.49,Travel/ Entertainment
5/23/2023,5/23/2023,UBER TRIP 866-576-1039 CA,12.95,Travel/ Entertainment
5/23/2023,5/23/2023,UBER TRIP 866-576-1039 CA,49.98,Travel/ Entertainment
5/23/2023,5/23/2023,UBER* TRIP 8665761039 CA,8.98,Travel/ Entertainment
5/23/2023,5/23/2023,VENMO 855-812-4430 NY,74.68,Services
5/23/2023,5/23/2023,WALGREENS #0625 MILLBRAE CA,9.00,Merchandise
5/25/2023,5/25/2023,AFFIRM.COM PAYMENTS 8554233729 CA,51.52,Merchandise
5/25/2023,5/25/2023,AMZN MKTP US*E264Z7NR3 AMZN.COM/BILLWA7IFZAHK9H1Z,17.90,Merchandise
5/25/2023,5/25/2023,AMZN MKTP US*NW3PJ48T3 AMZN.COM/BILLWA1VLDO5GHAK1,11.57,Merchandise
5/25/2023,5/25/2023,LEETCODE.COM 9167018853 CA,35.00,Merchandise
5/25/2023,5/25/2023,TST* SIMPLYCAKE SF SAN MATEO CA00082246011888581925AA,8.53,Restaurants
5/25/2023,5/25/2023,UBER* TRIP 8665761039 CA,1.00,Travel/ Entertainment
5/25/2023,5/25/2023,UBER* TRIP 8665761039 CA,8.96,Travel/ Entertainment
5/26/2023,5/26/2023,FARMER'S FRIDGE CHICAGO IL02677R,21.84,Supermarkets
5/26/2023,5/26/2023,SFO THE PLANT SAN FRANCISCOCA02667R,21.97,Restaurants
5/26/2023,5/26/2023,UBER TRIP 866-576-1039 CA,1.00,Travel/ Entertainment
5/26/2023,5/26/2023,UBER TRIP 866-576-1039 CA,20.02,Travel/ Entertainment
5/26/2023,5/26/2023,UBER* TRIP 8665761039 CA,1.00,Travel/ Entertainment
5/26/2023,5/26/2023,UNUSUAL TIMES EWR NEWARK NJ1593,46.24,Restaurants
5/27/2023,5/27/2023,LIM*RIDE COST 0974595221 FRAAPPLE PAY ENDING IN 14557.25 @ 00000001.0739293 EUR,7.79,Travel/ Entertainment
5/27/2023,5/27/2023,LIM*SUBSCRIPTION COST 0974595221 FRAAPPLE PAY ENDING IN 14557.99 @ 00000001.0739293 EUR,8.58,Travel/ Entertainment
5/27/2023,5/27/2023,TIQETS INC PA PAAPPLE PAY ENDING IN 1455,37.56,Travel/ Entertainment
5/27/2023,5/27/2023,TIQETS INC PA PAAPPLE PAY ENDING IN 1455,87.51,Travel/ Entertainment
5/27/2023,5/27/2023,UBER TRIP 866-576-1039 CA,41.72,Travel/ Entertainment
5/27/2023,5/27/2023,UBER TRIP 866-576-1039 CA,216.34,Travel/ Entertainment
5/28/2023,5/28/2023,AMAZON.COM*VS7RX0HD3 AMZN.COM/BILLWAQ8UCZKHE08I,22.08,Merchandise
5/28/2023,5/28/2023,LIM*RIDE COST 0974595221 FRAAPPLE PAY ENDING IN 14552.75 @ 00000001.0739293 EUR,2.95,Travel/ Entertainment
5/29/2023,5/29/2023,TIQETS INC PA PAAPPLE PAY ENDING IN 1455,36.48,Travel/ Entertainment
5/31/2023,5/31/2023,INTERNET PAYMENT - THANK YOU,-2432.53,Payments and Credits
5/31/2023,6/1/2023,ASICS CORPORATION IRVINE CA,-131.55,Payments and Credits
6/1/2023,6/1/2023,CHATGPT SUBSCRIPTION 4158799686 CA,20.00,Merchandise
6/1/2023,6/1/2023,DENT 036416349688 DEUAPPLE PAY ENDING IN 1455,7.99,Merchandise
6/1/2023,6/1/2023,SPOTIFY P2372B5402 8777781161 NY,4.99,Merchandise
6/1/2023,6/3/2023,NETFLIX.COM NETFLIX.COM CAITEM TRANSFERRED FROM PREV ACCOUNT,10.59,Merchandise
6/1/2023,6/3/2023,PLANNED PARENTHOOD ACTIO NEW YORK NY,5.00,Services
6/2/2023,6/2/2023,ONEPASS 877-515-9364 MN115996,125.10,Services
6/2/2023,6/2/2023,ONEPASS 877-515-9364 MN114582,139.00,Services
6/2/2023,6/3/2023,KRYSTAL AND SAAGAR 2025317527 DCITEM TRANSFERRED FROM PREV ACCOUNT,10.00,Merchandise
6/3/2023,6/3/2023,AUTOMATIC STATEMENT CREDIT,-80.78,Awards and Rebate Credits
6/3/2023,6/3/2023,GOOGLE *YT PRIMETIME G.CO/HELPPAY#CAP0SGQC6O,15.89,Services
6/4/2023,6/4/2023,INTERVIEW QUERY 6504513704 CA,59.00,Merchandise
6/5/2023,6/5/2023,ATI8363-060519302 310-627-2866 CAAPPLE PAY ENDING IN 1455,17.20,Travel/ Entertainment
6/6/2023,6/6/2023,APPLE.COM/BILL 866-712-7753 CAAPPLE PAY ENDING IN 1455MMWD90BDDSA0,9.99,Merchandise
6/8/2023,6/8/2023,AFFIRM.COM PAYMENTS 8554233729 CA,51.54,Merchandise
6/9/2023,6/9/2023,GOOGLE *YOUTUBE TV G.CO/HELPPAY#CAP0SQDURP,72.99,Services
6/9/2023,6/9/2023,TIQETS INC PA PAAPPLE PAY ENDING IN 1455,38.80,Travel/ Entertainment
6/11/2023,6/11/2023,PANDA EXPRESS #907 P 800-877-8988 CA,13.32,Restaurants
6/12/2023,6/12/2023,CCBILL.COM 888-5969279 AZ,10.63,Merchandise
6/13/2023,6/13/2023,AMAZON.COM*8Y6XC4UF3 AMZN.COM/BILLWA4DQ9YX77JH4,22.08,Merchandise
6/13/2023,6/13/2023,ETSY.COM BROOKLYN NYAPPLE PAY ENDING IN 1455,44.95,Merchandise
6/13/2023,6/13/2023,PANDA EXPRESS #907 P 800-877-8988 CAAPPLE PAY ENDING IN 1455,9.37,Restaurants
6/13/2023,6/13/2023,SPROUTS FARMERS MARSSS DALY CITY CA,91.74,Supermarkets
6/14/2023,6/14/2023,CCBILL.COM 888-5969279 AZ,10.62,Merchandise
6/14/2023,6/14/2023,FASTRAK VIOLATION CENT 415-486-8655 CA,12.00,Travel/ Entertainment
6/14/2023,6/14/2023,INTERNET PAYMENT - THANK YOU,-2487.02,Payments and Credits
6/14/2023,6/14/2023,LYFT *MEMB JUN 8552800278 CA,9.99,Travel/ Entertainment
6/14/2023,6/14/2023,STATE FARM INSURANCE 800-956-6310 ILITEM TRANSFERRED FROM PREV ACCOUNT,88.02,Merchandise
6/16/2023,6/16/2023,CCBILL.COM 888-5969279 AZ,12.92,Merchandise
6/16/2023,6/16/2023,PAYPAL *CRUNCHYROLL 402-935-7733 CA,7.99,Services
6/16/2023,6/16/2023,TOMO SUSHI AND TERIYAKI DALY CITY CA,18.68,Restaurants
6/16/2023,6/16/2023,VENMO 855-812-4430 NY,88.39,Services
6/17/2023,6/17/2023,APPLE.COM/BILL 111-111-1111 CAAPPLE PAY ENDING IN 1455,7.41,Merchandise
6/17/2023,6/17/2023,CCBILL.COM 888-5969279 AZ,8.49,Merchandise
6/17/2023,6/17/2023,CCBILL.COM 888-5969279 AZ,10.35,Merchandise
6/17/2023,6/17/2023,TMOBILE*AUTO PAY 800-937-8997 WAITEM TRANSFERRED FROM PREV ACCOUNT,111.63,Merchandise
6/18/2023,6/18/2023,APPLE.COM/BILL 866-712-7753 CAAPPLE PAY ENDING IN 1455MMWD99VN1VA0,20.12,Merchandise
6/19/2023,6/19/2023,1XDATASPELL SAN MATEO CA,79.00,Merchandise
6/21/2023,6/21/2023,ATI49980-06020339 310-627-2866 CAAPPLE PAY ENDING IN 1455,20.78,Travel/ Entertainment
6/25/2023,6/25/2023,LEETCODE.COM 9167018853 CA,35.00,Merchandise
6/25/2023,6/25/2023,WALGREENS #0625 MILLBRAE CA,21.77,Merchandise
6/26/2023,6/26/2023,AMZN MKTP US*EH8WL46Y3 AMZN.COM/BILLWA4NEEZLU4KD4,25.19,Merchandise
6/26/2023,6/26/2023,CCBILL.COM 888-5969279 AZ,7.43,Merchandise
6/26/2023,6/26/2023,USPS PO 0510350110 BURLINGAME CA,20.88,Government Services
6/26/2023,6/26/2023,USPS PO 0510350110 BURLINGAME CA,25.45,Government Services
6/27/2023,6/27/2023,AMAZON.COM*GP1TT39Y3 AMZN.COM/BILLWA5VH657BXUC9,22.08,Merchandise
6/27/2023,6/27/2023,AMZN MKTP US*D998272J3 AMZN.COM/BILLWA2HON34BLB2I,9.85,Merchandise
6/29/2023,6/29/2023,SQ *HOLY GELATO SAN FRANCISCOCA0001152921512929882524,11.95,Supermarkets
6/29/2023,6/29/2023,UDEMY: ONLINE COURSES 8888385432 CA,19.99,Education
6/30/2023,6/30/2023,WALGREENS #0625 MILLBRAE CA,20.00,Merchandise
7/1/2023,7/1/2023,CHATGPT SUBSCRIPTION 4158799686 CA,20.00,Merchandise
7/1/2023,7/1/2023,SPOTIFY P2410D44F9 8777781161 NY,4.99,Merchandise
7/1/2023,7/3/2023,NETFLIX.COM NETFLIX.COM CAITEM TRANSFERRED FROM PREV ACCOUNT,10.59,Merchandise
7/1/2023,7/3/2023,PLANNED PARENTHOOD ACTIO NEW YORK NY,5.00,Services
7/2/2023,7/2/2023,ONEPASS 877-515-9364 MN131030,125.10,Services
7/2/2023,7/2/2023,ONEPASS 877-515-9364 MN129885,139.00,Services
7/2/2023,7/3/2023,KRYSTAL AND SAAGAR 2025317527 DCITEM TRANSFERRED FROM PREV ACCOUNT,10.00,Merchandise
7/2/2023,7/3/2023,SAFEWAY #1547 BURLINGAME CA,22.35,Supermarkets
7/3/2023,7/3/2023,AUTOMATIC STATEMENT CREDIT,-17.19,Awards and Rebate Credits
7/3/2023,7/3/2023,OTF SAN MATEO 650-4870404 CA,4.39,Travel/ Entertainment
7/3/2023,7/3/2023,WALGREENS #0625 MILLBRAE CA,20.67,Merchandise
7/4/2023,7/4/2023,BEVERAGES & MORE #119 BURLINGAME CA,60.92,Merchandise
7/4/2023,7/4/2023,SAFEWAY #0999 FOSTER CITY CA,6.00,Supermarkets
7/4/2023,7/4/2023,TARGET 00011221091 SAN MATEO CA,36.17,Supermarkets
7/4/2023,7/4/2023,TARGET 00011221091 SAN MATEO CA,307.10,Supermarkets
7/5/2023,7/5/2023,CCBILL.COM 888-5969279 AZ,6.37,Merchandise
7/6/2023,7/6/2023,APPLE.COM/BILL 111-111-1111 CAAPPLE PAY ENDING IN 1455,9.99,Merchandise
7/6/2023,7/6/2023,SFMOMA MUSEUM STORE SAN FRANCISCOCA00690R,13.04,Travel/ Entertainment
7/6/2023,7/7/2023,TARGET 00033530091 DALY CITY CA,-153.45,Payments and Credits
7/7/2023,7/7/2023,SAFEWAY #1547 BURLINGAME CA,28.62,Supermarkets
7/7/2023,7/7/2023,TARGET 00011221091 SAN MATEO CA,59.44,Supermarkets
7/8/2023,7/8/2023,MOVEMENT SANTA CLARA 5413165747 CO,5.00,Travel/ Entertainment
7/8/2023,7/8/2023,OAKLEY B004 MILPITAS CA,243.74,Medical Services
7/9/2023,7/9/2023,CCBILL.COM 888-5969279 AZ,10.63,Merchandise
7/9/2023,7/9/2023,CCBILL.COM 888-5969279 AZ,15.95,Merchandise
7/9/2023,7/9/2023,SQ *CAFE SIETE BURLINGAME CA0001152921512960337074,22.10,Restaurants
7/9/2023,7/9/2023,WALGREENS #0625 MILLBRAE CA,20.00,Merchandise
7/9/2023,7/9/2023,WALGREENS #0625 MILLBRAE CA,30.45,Merchandise
7/10/2023,7/10/2023,AMAZON.COM*9N7KY81L3 AMZN.COM/BILLWA1RWA4YTUU2S,22.08,Merchandise
7/10/2023,7/10/2023,AMZN MKTP US*YQ7W86013 AMZN.COM/BILLWA5W8CMM91JWI,22.99,Merchandise
7/10/2023,7/10/2023,WHOLEFDS SMT 10150 SAN MATEO CA,49.37,Supermarkets
7/11/2023,7/11/2023,APPLE.COM/BILL 111-111-1111 CAAPPLE PAY ENDING IN 1455,16.95,Merchandise
7/11/2023,7/11/2023,CARBON HEALTH 4152002133 CA,22.96,Medical Services
7/11/2023,7/11/2023,INTERNET PAYMENT - THANK YOU,-2118.23,Payments and Credits
7/13/2023,7/13/2023,CCBILL.COM 888-5969279 AZ,5.32,Merchandise
7/13/2023,7/13/2023,WALGREENS #0625 MILLBRAE CA,41.54,Merchandise
7/14/2023,7/14/2023,MCDONALDS 416 REDWOOD CITY CA,9.98,Restaurants
7/14/2023,7/14/2023,OTF SAN MATEO 650-4870404 CA,5.48,Travel/ Entertainment
7/14/2023,7/14/2023,SQ *CAFE SIETE BURLINGAME CA0001152921512976380865,6.30,Restaurants
7/14/2023,7/14/2023,STATE FARM INSURANCE 800-956-6310 ILITEM TRANSFERRED FROM PREV ACCOUNT,88.02,Merchandise
7/15/2023,7/15/2023,SQ *BOBA GUYS POTRERO SAN FRANCISCOCA0001152921512980421691,4.20,Restaurants
7/15/2023,7/15/2023,SQ *MONARCH BEVERAGE C SAN FRANCISCOCA0002305843018002898080,14.95,Restaurants
7/16/2023,7/16/2023,ATI10845-07510043 310-627-2866 CAAPPLE PAY ENDING IN 1455,5.00,Travel/ Entertainment
7/16/2023,7/16/2023,MCDONALDS 16932 SAN FRANCISCOCA,4.66,Restaurants
7/16/2023,7/16/2023,PAYPAL *CRUNCHYROLL 402-935-7733 CA,7.99,Services
7/17/2023,7/17/2023,FASTRAK CSC 415-486-8655 CA,35.00,Travel/ Entertainment
7/17/2023,7/17/2023,GOFUNDME HOMOSEXUAL WA REDWOOD CITY CA,50.00,Services
7/17/2023,7/17/2023,TMOBILE*AUTO PAY 800-937-8997 WAITEM TRANSFERRED FROM PREV ACCOUNT,232.39,Merchandise
7/18/2023,7/18/2023,AMZN MKTP US*C815N4833 AMZN.COM/BILLWA40G984MFQ73,87.69,Merchandise
7/19/2023,7/19/2023,CCBILL.COM 888-5969279 AZ,9.57,Merchandise
7/20/2023,7/20/2023,ATI10113-07910185 310-627-2866 CAAPPLE PAY ENDING IN 1455,23.70,Travel/ Entertainment
7/20/2023,7/20/2023,CENTURY THEATRES 399 MOUNTAIN VIEWCA03990093B758,13.15,Travel/ Entertainment
7/20/2023,7/20/2023,WALGREENS #2126 SAN CARLOS CA,74.31,Merchandise
7/21/2023,7/21/2023,CENTURY THEATRES 494 SAN BRUNO CA0494008BE7A2,5.40,Travel/ Entertainment
7/25/2023,7/25/2023,AMAZON.COM*T68KE55Q0 AMZN.COM/BILLWAJILV9LLC61T,22.08,Merchandise
7/25/2023,7/25/2023,INTERNET PAYMENT - THANK YOU,-500.00,Payments and Credits
7/25/2023,7/27/2023,CCBILL.COM 888-5969279 AZ,-9.57,Payments and Credits
7/26/2023,7/26/2023,CCBILL.COM 888-5969279 AZ,6.37,Merchandise
7/28/2023,7/28/2023,LUCKY #748 SAN BRUNS9H SAN BRUNO CA,49.12,Supermarkets
7/29/2023,7/29/2023,QUIZLET.COM 510-495-6550 CAP-08481062,7.99,Education
8/1/2023,8/1/2023,CHATGPT SUBSCRIPTION 4158799686 CA,20.00,Merchandise
8/1/2023,8/1/2023,SHIPT* ORDER 2055022500 AL,48.60,Supermarkets
8/1/2023,8/1/2023,SPOTIFY P24B9D83D8 8777781161 NY,4.99,Merchandise
8/1/2023,8/3/2023,NETFLIX.COM NETFLIX.COM CAITEM TRANSFERRED FROM PREV ACCOUNT,10.59,Merchandise
8/1/2023,8/3/2023,PLANNED PARENTHOOD ACTIO NEW YORK NY,5.00,Services
8/2/2023,8/2/2023,ONEPASS 877-515-9364 MN147627,125.10,Services
8/2/2023,8/2/2023,ONEPASS 877-515-9364 MN146573,139.00,Services
8/2/2023,8/3/2023,KRYSTAL AND SAAGAR 2025317527 DCITEM TRANSFERRED FROM PREV ACCOUNT,10.00,Merchandise
8/3/2023,8/3/2023,AUTOMATIC STATEMENT CREDIT,-24.69,Awards and Rebate Credits
8/3/2023,8/3/2023,CCBILL.COM 888-5969279 AZ,7.43,Merchandise
8/3/2023,8/3/2023,EB GOLDEN HOUR NIGHT 801-413-7200 CAAPPLE PAY ENDING IN 1455,18.73,Services
8/5/2023,8/5/2023,COURSRA3WTI8LK0RLU4UF 650-963-9884 CA,49.00,Education
8/5/2023,8/5/2023,PUBLIC WORKS SAN FRANCISCOCA,19.36,Restaurants
8/5/2023,8/5/2023,PUBLIC WORKS SAN FRANCISCOCA,39.12,Restaurants
8/6/2023,8/6/2023,SAFEWAY #1547 BURLINGAME CA,36.72,Supermarkets
8/6/2023,8/6/2023,SQ *A.D.P DEPALMA FARM SAN FRANCISCOCA0001152921513049170106,2.50,Supermarkets
8/6/2023,8/6/2023,SQ *ADORABLE BAKERY LL SAN FRANCISCOCA0001152921513049179594,27.19,Merchandise
8/6/2023,8/6/2023,SQ *THAO FAMILY FARM SAN FRANCISCOCA0001152921513049149557,4.00,Merchandise
8/7/2023,8/7/2023,AMAZON.COM*TA8MI0G90 AMZN.COM/BILLWA4267TUMJLTQ,22.08,Merchandise
8/7/2023,8/7/2023,APPLE.COM/BILL 866-712-7753 CAAPPLE PAY ENDING IN 1455MMWDGB1MG0A0,9.99,Merchandise
8/7/2023,8/7/2023,WALGREENS #0625 MILLBRAE CA,16.12,Merchandise
8/8/2023,8/8/2023,APPY PIE 7039964429 VA,48.00,Merchandise
8/8/2023,8/8/2023,CCBILL.COM 888-5969279 AZ,10.62,Merchandise
8/8/2023,8/8/2023,INTERNET PAYMENT - THANK YOU,-1027.93,Payments and Credits
8/9/2023,8/9/2023,FIVE GUYS CA 1370 QSR BURLINGAME CA,15.17,Restaurants
8/9/2023,8/9/2023,SAFEWAY #1547 BURLINGAME CA,25.49,Supermarkets
8/10/2023,8/10/2023,DIRTY HABIT HOTEL ZELOS SAN FRANCISCOCA,82.55,Restaurants
8/10/2023,8/10/2023,SHELL57444215701 SAN MATEO CA,28.32,Gasoline
8/10/2023,8/10/2023,SQ *PAW PATCH PASTRIES DALY CITY CA0002305843018176564959,48.34,Merchandise
8/11/2023,8/11/2023,CASCAL RESTAURANT MOUNTAIN VIEWCA,35.79,Restaurants
8/11/2023,8/11/2023,DROPDECK 7372426703 MD,19.00,Merchandise
8/11/2023,8/11/2023,SQ *CAFE SIETE BURLINGAME CA0001152921513063763890,34.53,Restaurants
8/11/2023,8/11/2023,UBER* TRIP 8665761039 CA,10.95,Travel/ Entertainment
8/12/2023,8/12/2023,UBER TRIP 866-576-1039 CA,10.99,Travel/ Entertainment
8/12/2023,8/12/2023,UBER* TRIP 8665761039 CA,9.93,Travel/ Entertainment
8/13/2023,8/13/2023,AMZN MKTP US*TO2DO8TK0 AMZN.COM/BILLWA2K73N62JRGD,20.60,Merchandise
8/13/2023,8/13/2023,AMZN MKTP US*TO48J1AB0 AMZN.COM/BILLWA6KIHKD2ZOEB,76.64,Merchandise
8/13/2023,8/13/2023,OUTSIDELAND MERCH 6502396947 VA,41.82,Merchandise
8/13/2023,8/13/2023,TST* B STAR SAN FRANCISCOCA00003059013180319112AA,50.31,Restaurants
8/13/2023,8/13/2023,UBER TRIP 866-576-1039 CA,21.91,Travel/ Entertainment
8/13/2023,8/13/2023,UBER TRIP 866-576-1039 CA,28.97,Travel/ Entertainment
8/14/2023,8/14/2023,AMZN MKTP US*TO0RK9P20 AMZN.COM/BILLWA5LKW8W7QYXO,12.49,Merchandise
8/14/2023,8/14/2023,UBER TRIP 866-576-1039 CA,22.95,Travel/ Entertainment
8/14/2023,8/14/2023,UBER TRIP 866-576-1039 CA,90.34,Travel/ Entertainment
8/15/2023,8/15/2023,APPLE.COM/BILL 866-712-7753 CAAPPLE PAY ENDING IN 1455MMWDGN21ZJA0,16.95,Merchandise
8/15/2023,8/15/2023,AT THE SHOP SAN MATEO CA,2019.80,Gasoline
8/15/2023,8/15/2023,STATE FARM INSURANCE 800-956-6310 ILITEM TRANSFERRED FROM PREV ACCOUNT,90.83,Merchandise
8/16/2023,8/16/2023,PAYPAL *CRUNCHYROLL 402-935-7733 CA,7.99,Services
8/16/2023,8/16/2023,UBER TRIP 866-576-1039 CA,10.99,Travel/ Entertainment
8/17/2023,8/17/2023,SAFEWAY #1547 BURLINGAME CA,22.07,Supermarkets
8/18/2023,8/18/2023,CCBILL.COM 888-5969279 AZ,9.56,Merchandise
8/21/2023,8/21/2023,A ONE GAS SAN LORENZO CA,51.98,Gasoline
8/21/2023,8/21/2023,AMAZON.COM*TQ2JM1XX0 AMZN.COM/BILLWA3RN7P73TZQF,22.08,Merchandise
8/21/2023,8/21/2023,CENTRAL COMPUTERS OF S SANTA CLARA CA02156R,122.70,Merchandise
8/21/2023,8/21/2023,STEAM PURCHASE 425-952-2985 WA,59.99,Travel/ Entertainment
8/21/2023,8/21/2023,WALMART STORE 05434 SAN LEANDRO CA,26.56,Merchandise
8/22/2023,8/22/2023,SPROUTS FARMERS MARSSS DALY CITY CA,77.10,Supermarkets
8/24/2023,8/24/2023,INTERNET PAYMENT - THANK YOU,-2000.00,Payments and Credits
8/24/2023,8/24/2023,SQ *THE GREEK THEATER SAN FRANCISCOCA0001152921513116617060,49.61,Restaurants
8/29/2023,8/29/2023,BEST BUY 00001404295 SAN CARLOS CA,2.34,Merchandise
8/29/2023,8/29/2023,BEST BUY 00001404295 SAN CARLOS CA,185.92,Merchandise
8/29/2023,8/29/2023,CENTRAL COMPUTERS OF S SANTA CLARA CA02925R,39.37,Merchandise
8/29/2023,8/29/2023,CENTRAL COMPUTERS OF S SANTA CLARA CA02937R,63.26,Merchandise
8/29/2023,8/29/2023,PANDA EXPRESS #907 P 800-877-8988 CA,10.85,Restaurants
8/29/2023,8/29/2023,SAFEWAY #2878 MILLBRAE CA,72.88,Supermarkets
8/29/2023,8/29/2023,TARGET 00011221091 SAN MATEO CA,50.26,Supermarkets
8/29/2023,8/29/2023,WALGREENS #0625 MILLBRAE CA,34.98,Merchandise
9/1/2023,9/3/2023,CHATGPT SUBSCRIPTION 4158799686 CA,20.00,Merchandise
9/1/2023,9/3/2023,NETFLIX.COM NETFLIX.COM CAITEM TRANSFERRED FROM PREV ACCOUNT,10.59,Merchandise
9/1/2023,9/3/2023,PLANNED PARENTHOOD ACTIO NEW YORK NY,5.00,Services
9/1/2023,9/3/2023,SPOTIFY P257B01D39 8777781161 NY,5.99,Merchandise
9/2/2023,9/3/2023,KRYSTAL AND SAAGAR 2025317527 DCITEM TRANSFERRED FROM PREV ACCOUNT,10.00,Merchandise
9/2/2023,9/3/2023,ONEPASS 877-515-9364 MN166398,125.10,Services
9/2/2023,9/3/2023,ONEPASS 877-515-9364 MN165439,139.00,Services
9/3/2023,9/3/2023,MOLLIE STONES #6 BURLINGAME CA,31.81,Supermarkets
9/4/2023,9/4/2023,AUTOMATIC STATEMENT CREDIT,-51.34,Awards and Rebate Credits
9/5/2023,9/5/2023,AMAZON.COM*TL9IJ5292 AMZN.COM/BILLWA2UJIAHNSZ70,22.08,Merchandise
9/5/2023,9/5/2023,INTERNET PAYMENT - THANK YOU,-2133.04,Payments and Credits
9/6/2023,9/6/2023,JERSEY MIKES ONLINE ORDE 732-223-4044 NJAPPLE PAY ENDING IN 1455,10.95,Restaurants
9/6/2023,9/6/2023,MUIR SPACE 4288 MILL VALLEY CA,69.00,Services
9/7/2023,9/7/2023,APPLE.COM/BILL 866-712-7753 CAAPPLE PAY ENDING IN 1455MMWDJFY29ZA0,9.99,Merchandise
9/7/2023,9/7/2023,CAFFE STELLATO BURLINGAME CA,34.41,Restaurants
9/8/2023,9/8/2023,PALO ALTO TENNIS SHOP PALO ALTO CA,163.91,Merchandise
9/8/2023,9/8/2023,SAN MATEO PARKS AND RECR 650-522-7408 CA,185.00,Government Services
9/8/2023,9/8/2023,SAN MATEO SERVICE FEE 650-522-7408 CA,6.01,Government Services
9/8/2023,9/8/2023,TMOBILE*POSTPAID PDA 800-937-8997 WAITEM TRANSFERRED FROM PREV ACCOUNT,111.63,Merchandise
9/9/2023,9/9/2023,CCBILL.COM 888-5969279 AZ,7.43,Merchandise
9/9/2023,9/9/2023,RAIN TREE CAFE. SAN FRANCISCOCA,86.09,Restaurants
9/9/2023,9/9/2023,SP^AFF* SLINGERBAG 8554233729 CA,164.44,Merchandise
9/10/2023,9/10/2023,APPLE.COM/BILL 866-712-7753 CAAPPLE PAY ENDING IN 1455MMWDJT7BH5A0,16.95,Merchandise
9/10/2023,9/10/2023,CLAIRE'S #6827 SAN MATEO CA,62.45,Merchandise
9/11/2023,9/11/2023,DROPDECK 7372426703 MD,19.00,Merchandise
9/11/2023,9/11/2023,FASTRAK CSC 415-486-8655 CA,25.00,Travel/ Entertainment
9/11/2023,9/11/2023,TACO BELL 730746 650-403-0395 CAAPPLE PAY ENDING IN 1455,15.22,Restaurants
9/12/2023,9/12/2023,PANDA EXPRESS #907 P 800-877-8988 CA,10.85,Restaurants
9/12/2023,9/12/2023,TENNIS WAREHOUSE 8008836647 CA,25.00,Merchandise
9/14/2023,9/14/2023,STATE FARM INSURANCE 800-956-6310 ILITEM TRANSFERRED FROM PREV ACCOUNT,90.83,Merchandise
9/15/2023,9/15/2023,PAYPAL *CRUNCHYROLL 402-935-7733 CA,7.99,Services
9/16/2023,9/16/2023,SQ *MELLOW COFFEE SAN FRANCISCOCA0001152921513197525747,5.97,Merchandise
9/16/2023,9/16/2023,SQ *ROSE GOLD'S TATTOO SAN FRANCISCOCA0001152921513197662543,18.99,Merchandise
9/16/2023,9/16/2023,TST* SANDYS SAN FRANCISCOCA00104288013715099959AA,20.40,Restaurants
9/17/2023,9/17/2023,SQ *CAFE SIETE BURLINGAME CA0001152921513201455985,7.00,Restaurants
9/17/2023,9/17/2023,TST* URBAN KITCHEN BURLINGAME CA00113802013738256804AA,30.51,Restaurants
9/18/2023,9/18/2023,AMAZON.COM*TX8CC92K2 AMZN.COM/BILLWA12X9MM88BMR,22.08,Merchandise
9/19/2023,9/19/2023,AARTI PETROLEUM REDWOOD CITY CA,29.02,Gasoline
9/20/2023,9/20/2023,INTERNET PAYMENT - THANK YOU,-1280.99,Payments and Credits
9/21/2023,9/21/2023,TCKTWEB*BENNYSINGSDANA 800-965-4827 CA93192760IM97FQUQ,32.42,Travel/ Entertainment
9/22/2023,9/20/2023,REPRESENTED INTERNET PAYMENT - THANK YOU,-1280.99,Payments and Credits
9/22/2023,9/20/2023,RETURNED INTERNET PMT,1280.99,Payments and Credits
9/22/2023,9/22/2023,RETURNED CHECK CHARGE,30.00,Fees
9/24/2023,9/24/2023,STARBUCKS STORE 00613 SAN MATEO CA8FD9D0D67479710842,10.45,Restaurants
9/25/2023,9/25/2023,SP^AFF* SLINGERBAG 8554233729 CA,164.43,Merchandise
9/25/2023,9/25/2023,WALGREENS #0625 MILLBRAE CA,63.42,Merchandise
9/26/2023,9/20/2023,RETURNED INTERNET PMT,1280.99,Payments and Credits
9/26/2023,9/26/2023,UBER* TRIP 8665761039 CA,9.91,Travel/ Entertainment
9/28/2023,9/28/2023,TACO BELL 730746 650-403-0395 CAAPPLE PAY ENDING IN 1455,13.46,Restaurants
9/30/2023,9/30/2023,PANDA EXPRESS #907 P 800-877-8988 CA,16.33,Restaurants
10/1/2023,10/1/2023,CHATGPT SUBSCRIPTION 4158799686 CA,20.00,Merchandise
10/1/2023,10/1/2023,SPOTIFY P262EACB2F 8777781161 NY,5.99,Merchandise
10/1/2023,10/3/2023,PLANNED PARENTHOOD ACTIO NEW YORK NY,5.00,Services
10/1/2023,10/3/2023,SAFEWAY #1547 BURLINGAME CA,39.18,Supermarkets
10/2/2023,10/2/2023,ONEPASS 877-515-9364 MN186703,125.10,Services
10/2/2023,10/2/2023,ONEPASS 877-515-9364 MN185761,139.00,Services
10/2/2023,10/3/2023,AMAZON.COM*T91E50GG0 AMZN.COM/BILLWA1EDQVVBW10H,22.08,Merchandise
10/2/2023,10/3/2023,KRYSTAL AND SAAGAR 2025317527 DCITEM TRANSFERRED FROM PREV ACCOUNT,10.00,Merchandise
10/3/2023,10/3/2023,AUTOMATIC STATEMENT CREDIT,-24.26,Awards and Rebate Credits
10/3/2023,10/3/2023,INTERNET PAYMENT - THANK YOU,-1900.00,Payments and Credits
10/3/2023,10/3/2023,PRESIDIO COMMUNITY YMCA SAN FRANCISCOCA,6.00,Travel/ Entertainment
10/4/2023,10/4/2023,SNACK* SWEET MOMENT 8668682146 CA,11.79,Restaurants
10/4/2023,10/4/2023,TST* KAJIKEN SAN MATEO CA00115516014004555143AA,86.98,Restaurants
10/5/2023,10/5/2023,PALO ALTO TENNIS SHOP PALO ALTO CA,50.00,Merchandise
10/5/2023,10/5/2023,TARGET 00011221091 SAN MATEO CA,99.67,Supermarkets
10/7/2023,10/7/2023,APPLE.COM/BILL 866-712-7753 CAAPPLE PAY ENDING IN 1455MMWDLK42GYA0,9.99,Merchandise
10/7/2023,10/7/2023,NIJIYA MARKET #62 SAN FRANCISCOCA,5.18,Supermarkets
10/7/2023,10/7/2023,SAN JOSE CONVENTION CE SAN JOSE CA,13.80,Restaurants
10/7/2023,10/7/2023,WALGREENS #893 SAN FRANCISCOCA,27.13,Merchandise
10/8/2023,10/8/2023,APPLE STORE #R029 BURLINGAME CAR029110720901,29.00,Merchandise
10/8/2023,10/8/2023,APPLE.COM/BILL 866-712-7753 CAAPPLE PAY ENDING IN 1455MMWDLS4TG6A0,76.31,Merchandise
10/8/2023,10/8/2023,BY ME BOBA TEA 3127305592 IL,8.86,Restaurants
10/8/2023,10/8/2023,"GITHUB, INC. 8774484820 CA",100.00,Services
10/8/2023,10/8/2023,SQ *SHAKE SHACK SAN MATEO CA0001152921513279898541,19.81,Restaurants
10/8/2023,10/8/2023,STORE*SABY THAI RESTAU 6506819470 CA,54.52,Restaurants
10/8/2023,10/8/2023,"STUBHUB, INC. 866-788-2482 CAAPPLE PAY ENDING IN 1455",136.57,Travel/ Entertainment
10/9/2023,10/9/2023,SP^AFF* SLINGERBAG 8554233729 CA,164.43,Merchandise
10/9/2023,10/9/2023,SQ *IRVING SUBS - 12TH SAN FRANCISCOCA0001152921513282869411,18.74,Restaurants
10/9/2023,10/9/2023,TM *TICKETMASTER 865-512-6326 CAWDC/28-23809,79.20,Travel/ Entertainment
10/10/2023,10/10/2023,EB BLACK TECH GATHERI 801-413-7200 CAAPPLE PAY ENDING IN 1455,30.00,Services
10/10/2023,10/10/2023,TARGET 00011221091 SAN MATEO CA,54.22,Supermarkets
10/11/2023,10/11/2023,DROPDECK 7372426703 MD,19.00,Merchandise
10/12/2023,10/12/2023,SAFEWAY #1547 BURLINGAME CA,69.51,Supermarkets
10/12/2023,10/12/2023,SQ *SHAKE SHACK PALO ALTO CA0001152921513292191314,23.76,Restaurants
10/12/2023,10/12/2023,TCKTWEB*REGALSQUALORYU 800-965-4827 CA92971449JNLDW2U6,27.75,Travel/ Entertainment
10/14/2023,10/14/2023,STATE FARM INSURANCE 800-956-6310 ILITEM TRANSFERRED FROM PREV ACCOUNT,90.83,Merchandise
10/15/2023,10/15/2023,CKE*MILLBRAE KEBABS 675 MILLBRAE CA,30.06,Restaurants
10/15/2023,10/15/2023,UBER* TRIP 8665761039 CA,15.93,Travel/ Entertainment
10/15/2023,10/15/2023,WALGREENS #0625 MILLBRAE CA,6.02,Merchandise
10/15/2023,10/15/2023,WALGREENS #0625 MILLBRAE CA,52.49,Merchandise
10/16/2023,10/16/2023,AMAZON.COM*TP51X89N0 AMZN.COM/BILLWA1KYXBYKZM6K,22.08,Merchandise
10/16/2023,10/16/2023,EDINBURGH CASTLE SAN FRANCISCOCA,62.00,Restaurants
10/16/2023,10/16/2023,FASTRAK CSC 415-486-8655 CA,25.00,Travel/ Entertainment
10/16/2023,10/16/2023,SEE TICKETS *NIA ARCHIVE 323-908-0607 CASEE TICKETS *NIA ARCHIVE,39.62,Travel/ Entertainment
10/16/2023,10/16/2023,SQ *GREAT AMERICAN MUS SAN FRANCISCOCA0001152921513308822302,10.86,Travel/ Entertainment
10/16/2023,10/16/2023,UBER TRIP 866-576-1039 CA,14.97,Travel/ Entertainment
10/17/2023,10/17/2023,TST* ICICLES - SAN MAT SAN MATEO CA00095112014216852516AA,12.95,Restaurants
10/18/2023,10/18/2023,INTERNET PAYMENT - THANK YOU,-1582.98,Payments and Credits
10/18/2023,10/18/2023,UNITED AIRLINES 18004214655 TX,49.99,Travel/ Entertainment
10/19/2023,10/19/2023,MCDONALDS 1386 SAN MATEO CA,8.53,Restaurants
10/20/2023,10/20/2023,BASKETBALL MONSTER 262-684-9090 WI,59.95,Merchandise
10/20/2023,10/20/2023,CARBON HEALTH 4152002133 CA,0.60,Medical Services
10/20/2023,10/20/2023,CENTURY THEATRES 485 REDWOOD CITY CA0485009ED4B7,12.55,Travel/ Entertainment
10/20/2023,10/20/2023,CVS/PHARMACY #09811 BURLINGAME CA,52.99,Merchandise
10/21/2023,10/21/2023,ATI10113-01120970 310-627-2866 CAAPPLE PAY ENDING IN 1455,5.00,Travel/ Entertainment
10/21/2023,10/21/2023,TM *YOUNG THE GIANT 800-653-8000 CAWDC/44-32173,361.80,Travel/ Entertainment
10/23/2023,10/23/2023,DEAN'S PRODUCE. MILLBRAE CA,25.67,Supermarkets
10/23/2023,10/23/2023,SP^AFF* SLINGERBAG 8554233729 CA,164.44,Merchandise
10/23/2023,10/23/2023,SQ *BAGEL STREET CAFE MILLBRAE CA0001152921513332613682,5.95,Merchandise
10/23/2023,10/23/2023,SQ *BAGEL STREET CAFE MILLBRAE CA0001152921513332617171,15.09,Merchandise
10/23/2023,10/23/2023,WALGREENS #0625 MILLBRAE CA,10.00,Merchandise
10/25/2023,10/25/2023,CAFFE CENTRAL BURLINGAME CA,27.07,Restaurants
10/26/2023,10/26/2023,TACO BELL 730746 650-403-0395 CAAPPLE PAY ENDING IN 1455,10.40,Restaurants
10/27/2023,10/27/2023,SQ *CAFE ENCORE COFFEE SAN FRANCISCOCA0001152921513343945683,13.04,Restaurants
10/27/2023,10/27/2023,ZOOM.US 888-799-9666 8887999666 CA,15.99,Services
10/28/2023,10/28/2023,PRESTIGE PARK LLC SAN FRANCISCOCA,18.00,Services
10/29/2023,10/29/2023,LAZ PARKING 680399-WC SAN FRANCISCOCA,6.00,Services
10/29/2023,10/29/2023,SQ *AMORINO SAN FRANCI SAN FRANCISCOCA0001152921513354151401,14.30,Restaurants
10/30/2023,10/30/2023,AMZN MKTP US*O619E3LH3 AMZN.COM/BILLWA6K0ETQ6A8O8,6.58,Merchandise
10/30/2023,10/30/2023,AMZN MKTP US*QH7CE6D93 AMZN.COM/BILLWA793OBTA3B2X,44.91,Merchandise
10/31/2023,10/31/2023,AMAZON.COM*OL8O80KS3 AMZN.COM/BILLWAJR2XBXK4IDL,22.08,Merchandise
10/31/2023,10/31/2023,TRADER JOE S #067 SAN MATEO CA,22.44,Supermarkets
11/1/2023,11/1/2023,APPLE.COM/BILL 111-111-1111 CAAPPLE PAY ENDING IN 1455,15.89,Merchandise
11/1/2023,11/1/2023,CHATGPT SUBSCRIPTION 4158799686 CA,20.00,Merchandise
11/1/2023,11/1/2023,POPEYES 10707 415-309-7816 CAAPPLE PAY ENDING IN 1455,18.55,Restaurants
11/1/2023,11/1/2023,POPEYES 10707 REDWOOD CITY CA,1.97,Restaurants
11/1/2023,11/1/2023,UNITED AIRLINES 18004214655 TX,134.31,Travel/ Entertainment
11/1/2023,11/3/2023,PLANNED PARENTHOOD ACTIO NEW YORK NY,5.00,Services
11/1/2023,11/3/2023,SPOTIFY P26E3F1FB8 8777781161 NY,5.99,Merchandise
11/2/2023,11/2/2023,INTERNET PAYMENT - THANK YOU,-1065.50,Payments and Credits
11/2/2023,11/2/2023,ONEPASS 877-515-9364 MN208138,125.10,Services
11/2/2023,11/2/2023,ONEPASS 877-515-9364 MN207237,139.00,Services
11/2/2023,11/3/2023,KRYSTAL AND SAAGAR 2025317527 DCITEM TRANSFERRED FROM PREV ACCOUNT,10.00,Merchandise
11/2/2023,11/3/2023,TACO BELL 730746 650-403-0395 CAAPPLE PAY ENDING IN 1455,15.45,Restaurants
11/2/2023,11/3/2023,TARGET 00011221091 SAN MATEO CA,52.13,Supermarkets
11/2/2023,11/3/2023,VAN NESS MARKET SAN FRANCISCOCA,6.80,Supermarkets
11/2/2023,11/3/2023,VAN NESS MARKET SAN FRANCISCOCA,6.93,Supermarkets
11/3/2023,11/3/2023,AUTOMATIC STATEMENT CREDIT,-36.65,Awards and Rebate Credits
11/3/2023,11/3/2023,MCDONALD'S F3942 BALTIMORE MD,17.51,Restaurants
11/3/2023,11/3/2023,MW TUX #3561 GLEN BURNIE MD,37.09,Merchandise
11/3/2023,11/3/2023,TST* KABOD COFFEE - B1 DENVER CO00143219014476140933AA,22.09,Supermarkets
11/3/2023,11/3/2023,UBER TRIP 866-576-1039 CA,23.97,Travel/ Entertainment
11/3/2023,11/3/2023,UNITED AIRLINES 18004214655 TXAPPLE PAY ENDING IN 1455,35.00,Travel/ Entertainment
11/4/2023,11/4/2023,"DUET, INC. 5407368490 FL",84.00,Merchandise
11/5/2023,11/5/2023,BRYANSTATIONHIGHSCHOOL 2062850906 KYAPPLE PAY ENDING IN 1455,182.00,Services
11/6/2023,11/6/2023,ALL STAR PLUMBING LLC 410-841-9214 MD,850.00,Services
11/7/2023,11/7/2023,APPLE.COM/BILL 866-712-7753 CAAPPLE PAY ENDING IN 1455MMWDNSF7BJA0,9.99,Merchandise
11/8/2023,11/8/2023,TST* OPEN CITY - DC WASHINGTON DC00020378014561529354AA,39.83,Restaurants
11/8/2023,11/8/2023,WL *SQUARE ENIX 310-846-0345 CAWL *SQUARE ENIX,77.94,Travel/ Entertainment
11/9/2023,11/9/2023,CHICK-FIL-A #02222 4102882211 MDAPPLE PAY ENDING IN 1455,29.20,Restaurants
11/9/2023,11/9/2023,TARGET 00019703091 MIDDLE RIVER MD,166.71,Supermarkets
11/10/2023,11/10/2023,DIAMOND CITGO PIKESVILLE MDL13612066,25.27,Gasoline
11/10/2023,11/10/2023,TARGET 00015412091 PIKESVILLE MD,84.76,Supermarkets
11/11/2023,11/11/2023,INTERNET PAYMENT - THANK YOU,-2089.04,Payments and Credits
11/11/2023,11/11/2023,SUBWAY 27648 BALTIMORE MD,45.09,Restaurants
11/11/2023,11/11/2023,TYPESET 7372426703 MD,19.00,Merchandise
11/11/2023,12/11/2023,TYPESET 7372426703 MDREVERSAL OF TEMPORARY CREDIT,19.00,Merchandise
11/12/2023,11/12/2023,UBER TRIP 866-576-1039 CA,43.91,Travel/ Entertainment
11/12/2023,11/12/2023,UBER TRIP 866-576-1039 CA,58.97,Travel/ Entertainment
11/13/2023,11/11/2023,TYPESET 7372426703 MDTEMPORARY CREDIT PENDING INVESTIGATION,-19.00,Payments and Credits
11/13/2023,11/13/2023,CYBERGRANTS* DONATION 6072291295 MA,60.00,Services
11/14/2023,11/14/2023,AMAZON.COM*H086P18C3 AMZN.COM/BILLWA5RGYENM691O,22.08,Merchandise
11/14/2023,11/14/2023,AMAZON.COM*P14C508S3 AMZN.COM/BILLWA35DY90A7H7E,16.50,Merchandise
11/14/2023,11/14/2023,CARBON HEALTH 4152002133 CA,22.96,Medical Services
11/14/2023,11/14/2023,CARBON HEALTH 4152002133 CA,24.06,Medical Services
11/14/2023,11/14/2023,DD *STOREPIZZABOLIS 6506819470 CA,35.48,Restaurants
11/14/2023,11/14/2023,STATE FARM INSURANCE 800-956-6310 ILITEM TRANSFERRED FROM PREV ACCOUNT,90.83,Merchandise
11/15/2023,11/15/2023,GROUPGREETING 4155626079 CA,26.99,Merchandise
11/15/2023,11/15/2023,LA FITNESS PRY HAL-RTE 1 NOTTINGHAM MD,269.00,Travel/ Entertainment
11/16/2023,11/16/2023,CCBILL.COM 888-5969279 AZ,14.87,Merchandise
11/16/2023,11/17/2023,AMAZON.COM AMZN.COM/BILLWA6KJ5ABXOFWE,-22.08,Payments and Credits
11/17/2023,11/17/2023,TARGET 00011429091 TOWSON MD,123.45,Supermarkets
11/17/2023,11/17/2023,WEIS MARKETS 206 NOTTINGHAM MD,69.38,Supermarkets
11/18/2023,11/18/2023,DICKS SPORTING GOODS OSAGEBEACH TN,169.59,Merchandise
11/18/2023,11/18/2023,FH* KRAKEN KOURTS SKA 8333880106 CO,124.80,Travel/ Entertainment
11/18/2023,11/18/2023,SHELL RECHARGE 855-900-7584 CA,10.00,Automotive
11/18/2023,11/18/2023,WALMART STORE 02799 CLINTON MD,97.67,Merchandise
11/19/2023,11/19/2023,AMZN MKTP US*TR31A3YC3 AMZN.COM/BILLWA2CYI6TQ9ZV5,21.34,Merchandise
11/19/2023,11/19/2023,CHARLEYS PHILLY STEAKS 5 SILVER SPRINGMD,14.60,Restaurants
11/19/2023,11/19/2023,CVS/PHARMACY #02005 DISTRICT HEIGMD,5.65,Merchandise
11/19/2023,11/19/2023,CVS/PHARMACY #02005 DISTRICT HEIGMD,9.85,Merchandise
11/19/2023,11/19/2023,ELECTRIFY AMERICA 8336322778 VA,10.00,Automotive
11/19/2023,11/19/2023,ELECTRIFY AMERICA 8336322778 VA,10.00,Automotive
11/19/2023,11/19/2023,ELECTRIFY AMERICA 8336322778 VA,10.00,Automotive
11/19/2023,11/19/2023,ELECTRIFY AMERICA 8336322778 VA,10.00,Automotive
11/19/2023,11/19/2023,ELECTRIFY AMERICA 8336322778 VA,10.00,Automotive
11/19/2023,11/19/2023,FH* KRAKEN KOURTS SKA 8333880106 CO,15.90,Travel/ Entertainment
11/19/2023,11/19/2023,FH* KRAKEN KOURTS SKA 8333880106 CO,79.50,Travel/ Entertainment
11/19/2023,11/19/2023,PREMIUM PARKING 8442362011 LA,6.00,Services
11/19/2023,11/19/2023,PREMIUM PARKING 8442362011 LA,6.00,Services
11/19/2023,11/19/2023,TACO BELL 739964 203-305-4323 MDAPPLE PAY ENDING IN 1455,25.62,Restaurants
11/19/2023,11/19/2023,TST* KRAKEN KOURTS WASHINGTON DC00114791014745783811AA,10.60,Restaurants
11/19/2023,11/19/2023,TST* KRAKEN KOURTS WASHINGTON DC00114791014746150922AA,47.70,Restaurants
11/19/2023,11/19/2023,TST* KRAKEN KOURTS WASHINGTON DC00114791014745601083AA,49.56,Restaurants
11/20/2023,11/20/2023,MCDONALDS 28182 BALTIMORE MD,10.16,Restaurants
11/21/2023,11/21/2023,BLINK CHARGING CO 888-998-2546 FLBLINK CHARGING CO,0.01,Automotive
11/21/2023,11/21/2023,BLINK CHARGING CO 888-998-2546 FLBLINK CHARGING CO,3.93,Automotive
11/22/2023,11/22/2023,CCBILL.COM 888-5969279 AZ,7.43,Merchandise
11/22/2023,11/22/2023,E-TEA 49 SW 2026608399 DC,16.07,Restaurants
11/22/2023,11/22/2023,ELECTRIFY AMERICA 8336322778 VA,10.00,Automotive
11/22/2023,11/22/2023,ELECTRIFY AMERICA 8336322778 VA,10.00,Automotive
11/22/2023,11/22/2023,MCDONALDS 12225 NOTTINGHAM MD,10.05,Restaurants
11/24/2023,11/24/2023,0795 HOLIDAY PHOTO BETHESDA MD,47.69,Services
11/24/2023,11/24/2023,AMC 0368 WHEATON MALL WHEATON MD,35.36,Travel/ Entertainment
11/24/2023,11/24/2023,AMC 0368 WHEATON MALL WHEATON MD,42.37,Travel/ Entertainment
11/24/2023,11/24/2023,DUNKIN #330619 Q35 SILVER SPRINGMD,8.34,Restaurants
11/24/2023,11/24/2023,ELECTRIFY AMERICA 8336322778 VA,10.00,Automotive
11/24/2023,11/24/2023,ELECTRIFY AMERICA 8336322778 VA,10.00,Automotive
11/24/2023,11/24/2023,ELECTRIFY AMERICA 8336322778 VA,10.00,Automotive
11/24/2023,11/24/2023,MINISO DEPOT MONTGOMERY BETHESDA MD,26.49,Merchandise
11/24/2023,11/24/2023,PY *KUNG FU TEA BETHESDA BETHESDA MD,17.07,Restaurants
11/24/2023,11/24/2023,RUBY THAI KITCHEN MONTGO BETHESDA MD,27.05,Restaurants
11/24/2023,11/24/2023,SQ *OLNEY THEATRE CENT OLNEY MD0002305843018860064998,8.00,Travel/ Entertainment
11/24/2023,11/24/2023,TARGET 00019703091 MIDDLE RIVER MD,121.34,Supermarkets
11/24/2023,11/24/2023,UNIQLO USA LLC UNIQLO N BETHESDA MD,31.69,Merchandise
11/25/2023,11/25/2023,CSP* AUTOBAHN - DULLES STERLING VA,35.55,Merchandise
11/25/2023,11/25/2023,CSP* AUTOBAHN CC - DUL 571-353-1220 VA,178.80,Travel/ Entertainment
11/25/2023,11/25/2023,CSP*CONVENIENCE FEE 877-751-3200 CA,14.24,Services
11/25/2023,11/25/2023,EVGO SERVICES LOS ANGELES CA,24.48,Automotive
11/25/2023,11/25/2023,POMODORO PASTA PIZZA AND STERLING VA,37.01,Restaurants
11/25/2023,11/25/2023,WALGREENS #19650 ARLINGTON VA,44.24,Merchandise
11/26/2023,11/26/2023,CHARLEYS PHILLY STEAKS 0 4104975469 MD,30.16,Restaurants
11/26/2023,11/26/2023,MICRO CENTER-TOWSON EAST BALTIMORE MD,232.11,Merchandise
11/27/2023,11/27/2023,AMAZON.COM*QJ4XY7Z63 AMZN.COM/BILLWA34DK8ND627F,22.08,Merchandise
11/27/2023,11/27/2023,AMZN MKTP US*JA1MY9YF3 AMZN.COM/BILLWA7AQVTXO0PIB,31.37,Merchandise
11/27/2023,11/27/2023,ZOOM.US 888-799-9666 8887999666 CA,15.99,Services
11/28/2023,11/28/2023,APPLE.COM/BILL 866-712-7753 CAAPPLE PAY ENDING IN 1455MMWDS2T7X0A0,15.89,Merchandise
11/28/2023,11/28/2023,INTERNET PAYMENT - THANK YOU,-1000.00,Payments and Credits
11/28/2023,11/28/2023,MCDONALDS 20966 PARKVILLE MD,9.94,Restaurants
11/29/2023,11/29/2023,ELECTRIFY AMERICA 8336322778 VA,10.00,Automotive
11/29/2023,11/29/2023,ELECTRIFY AMERICA 8336322778 VA,10.00,Automotive
11/29/2023,11/29/2023,WALMART STORE 03489 BALTIMORE MD,51.99,Merchandise
11/30/2023,11/30/2023,EVGO SERVICES LOS ANGELES CA,17.25,Automotive
11/30/2023,12/3/2023,ARLINGTON DRAFTHOUSE ARLINGTON VA,112.95,Restaurants
12/1/2023,12/1/2023,INTERNET PAYMENT - THANK YOU,-2012.00,Payments and Credits
12/1/2023,12/3/2023,CHATGPT SUBSCRIPTION 4158799686 CA,20.00,Merchandise
12/1/2023,12/3/2023,PLANNED PARENTHOOD ACTIO NEW YORK NY,5.00,Services
12/1/2023,12/3/2023,SPOTIFY P279F05226 8777781161 NY,5.99,Merchandise
12/1/2023,12/3/2023,SQ *DONKEYS & SCOOTERS WASHINGTON DC0002305843018899495122,42.00,Travel/ Entertainment
12/1/2023,12/3/2023,THE ANTHEM WASHINGTON DC00193P,18.80,Travel/ Entertainment
12/1/2023,12/3/2023,THE ANTHEM WASHINGTON DC00168P,53.45,Travel/ Entertainment
12/2/2023,12/3/2023,AMC 2817 WHITE MARSH 1 BALTIMORE MDAPPLE PAY ENDING IN 1455,7.94,Travel/ Entertainment
12/2/2023,12/3/2023,AMC 2817 WHITE MARSH 1 BALTIMORE MDAPPLE PAY ENDING IN 1455,10.91,Travel/ Entertainment
12/2/2023,12/3/2023,ATI3808-210212823 310-627-2866 CAAPPLE PAY ENDING IN 1455,27.94,Travel/ Entertainment
12/2/2023,12/3/2023,BOB & EDITHS DINER ARLINGTON VA,40.43,Restaurants
12/2/2023,12/3/2023,CCBILL.COM 888-5969279 AZ,5.30,Merchandise
12/2/2023,12/3/2023,COLUMBIA PIKE CITGO ARLINGTON VAL15867007,6.23,Gasoline
12/2/2023,12/3/2023,EVGO SERVICES LOS ANGELES CA,26.65,Automotive
12/2/2023,12/3/2023,KRYSTAL AND SAAGAR 2025317527 DCITEM TRANSFERRED FROM PREV ACCOUNT,10.00,Merchandise
12/2/2023,12/3/2023,ONEPASS 877-515-9364 MN230795,125.10,Services
12/2/2023,12/3/2023,ONEPASS 877-515-9364 MN229964,139.00,Services
12/2/2023,12/3/2023,UNITED AIRLINES 18004214655 TXAPPLE PAY ENDING IN 1455,35.00,Travel/ Entertainment
12/3/2023,12/3/2023,CCBILL.COM 888-5969279 AZ,5.32,Merchandise
12/3/2023,12/3/2023,CCBILL.COM 888-5969279 AZ,10.63,Merchandise
12/3/2023,12/3/2023,CCBILL.COM 888-5969279 AZ,13.81,Merchandise
12/3/2023,12/3/2023,DUNKIN #348747 Q35 BALTIMORE MD,9.93,Restaurants
12/4/2023,12/4/2023,A S C,-17.25,Awards and Rebate Credits
12/4/2023,12/4/2023,PANDA EXPRESS #907 P 800-877-8988 CA,16.22,Restaurants
12/4/2023,12/4/2023,SAFEWAY #1547 BURLINGAME CA,107.15,Supermarkets
12/5/2023,12/5/2023,WALGREENS #0625 MILLBRAE CA,36.90,Merchandise
12/6/2023,12/6/2023,SQ *TENNIS STATION BUR BURLINGAME CA0001152921513474031125,109.62,Merchandise
12/6/2023,12/6/2023,TARGET 00011221091 SAN MATEO CA,30.68,Supermarkets
12/6/2023,12/6/2023,TRADER JOE S #067 SAN MATEO CA,25.24,Supermarkets
12/7/2023,12/7/2023,AMAZON.COM*LD0YV9H23 AMZN.COM/BILLWA7VW87A9X7J4,49.32,Merchandise
12/7/2023,12/7/2023,AMAZON.COM*V869J8XS3 AMZN.COM/BILLWA63V41SEAME2,91.57,Merchandise
12/7/2023,12/7/2023,AMZN MKTP US*TL5FN3DM3 AMZN.COM/BILLWA4CGUWRHEIYY,68.08,Merchandise
12/7/2023,12/7/2023,TARGET 00011221091 SAN MATEO CA,101.84,Supermarkets
12/8/2023,12/8/2023,AMAZON.COM*YZ2367I43 AMZN.COM/BILLWA2QH41IQDXWK,22.08,Merchandise
12/8/2023,12/8/2023,AMZN MKTP US*U91N19NO3 AMZN.COM/BILLWA6K4XJ96HAMF,65.76,Merchandise
12/8/2023,12/8/2023,APPLE.COM/BILL 866-712-7753 CAAPPLE PAY ENDING IN 1455MMWDT26SV2A0,9.99,Merchandise
12/8/2023,12/8/2023,ATG USA LLC 727-2824429 FL,49.50,Merchandise
12/8/2023,12/8/2023,SQ *47 HILLS BREWING C SOUTH SAN FRACA0001152921513481417731,48.78,Restaurants
12/8/2023,12/8/2023,STEAM PURCHASE 425-952-2985 WA,26.99,Travel/ Entertainment
12/10/2023,12/10/2023,SOFAR SOUNDS 6468465019 MA,36.00,Travel/ Entertainment
12/10/2023,12/10/2023,WALGREENS #12257 BURLINGAME CA,23.01,Merchandise
12/11/2023,12/11/2023,CHIPOTLE 2028 SAN MATEO CA,15.13,Restaurants
12/11/2023,12/11/2023,DICKS SPORTING GOODS DALY CITY TN,116.43,Merchandise
12/11/2023,12/11/2023,GRUBHUBTAQUERIALACUMB 877-585-1085 NYAPPLE PAY ENDING IN 1455,17.92,Restaurants
12/11/2023,12/11/2023,TARGET 00011221091 SAN MATEO CA,13.57,Supermarkets
12/11/2023,12/11/2023,TYPESET 7372426703 MD,19.00,Merchandise
12/11/2023,12/11/2023,WHOLEFDS SMT 10150 SAN MATEO CA,14.99,Supermarkets
12/11/2023,12/12/2023,TYPESET 7372426703 MD,-19.00,Payments and Credits
12/12/2023,11/11/2023,UNRECOGNIZED TRAN CHRGBKAN ADJUSTMENT TO YOUR ACCOUNT,-19.00,Payments and Credits
12/12/2023,12/12/2023,SNACK* SOMI SOMI SAN M 8668682146 CA,6.00,Restaurants
12/12/2023,12/12/2023,TST* DAEHO KALBIJJIM - SAN MATEO CA00076211015087355906AA,64.50,Restaurants
12/13/2023,12/13/2023,CASHBACK BONUS REDEMPTION PYMT/STMT CRDT,-36.11,Awards and Rebate Credits
12/13/2023,12/13/2023,INTERNET PAYMENT - THANK YOU,-1661.62,Payments and Credits
12/14/2023,12/14/2023,BEARD PAPA'S SAN MATEO CA,9.09,Supermarkets
12/14/2023,12/14/2023,SNACK* SOMI SOMI SAN M 8668682146 CA,8.34,Restaurants
12/14/2023,12/14/2023,STATE FARM INSURANCE 800-956-6310 ILITEM TRANSFERRED FROM PREV ACCOUNT,90.83,Merchandise
12/15/2023,12/15/2023,LA FITNESS 949-255-8100 CA,220.00,Travel/ Entertainment
12/17/2023,12/17/2023,AMZN MKTP US*1M1M54X43 AMZN.COM/BILLWA1HZWR94JT3W,63.59,Merchandise
12/19/2023,12/19/2023,CCBILL.COM 888-5969279 AZ,8.83,Merchandise
12/19/2023,12/19/2023,MI RANCHO MARKET SAN MATEO CA,23.90,Supermarkets
12/20/2023,12/20/2023,1946 THE MOVIE 3232208730 CAAPPLE PAY ENDING IN 1455,12.95,Services
12/20/2023,12/20/2023,1946 THE MOVIE 3232208730 CAAPPLE PAY ENDING IN 1455,12.95,Services
12/20/2023,12/20/2023,1946 THE MOVIE 3232208730 CAAPPLE PAY ENDING IN 1455,12.95,Services
12/20/2023,12/20/2023,1946 THE MOVIE 3232208730 CAAPPLE PAY ENDING IN 1455,19.46,Services
12/20/2023,12/20/2023,GRUBHUBTAQUERIALASPEN 877-585-1085 NYAPPLE PAY ENDING IN 1455,33.72,Restaurants
12/20/2023,12/20/2023,JIFFY LUBE #297 CAMPBELL CA12202023,124.39,Automotive
12/20/2023,12/20/2023,PANDA EXPRESS #907 P 800-877-8988 CAAPPLE PAY ENDING IN 1455,15.13,Restaurants
12/20/2023,12/20/2023,TST* LIVING ROOM COFFE CAMPBELL CA00003021015208543689AA,12.55,Restaurants
12/21/2023,12/21/2023,AMAZON.COM*000Q12Z53 AMZN.COM/BILLWA67WZTPZFQ4W,22.08,Merchandise
12/21/2023,12/21/2023,TM TICKETMASTER 800-653-8000 CA,41.79,Travel/ Entertainment
12/22/2023,12/22/2023,1946 THE MOVIE 3232208730 CAAPPLE PAY ENDING IN 1455,12.95,Services
12/22/2023,12/22/2023,CARBON HEALTH 4152002133 CA,13.66,Medical Services
12/22/2023,12/22/2023,CARBON HEALTH 4152002133 CA,26.99,Medical Services
12/22/2023,12/22/2023,DEAN'S PRODUCE. MILLBRAE CA,44.47,Supermarkets
12/22/2023,12/22/2023,NOODLES & THINGS MILLBRAE CA,35.19,Restaurants
12/22/2023,12/22/2023,SQ *SAN MATEO SOMISOMI SAN MATEO CA0001152921513527577846,6.50,Supermarkets
12/22/2023,12/22/2023,TRADER JOE S #170 MILLBRAE CA,22.14,Supermarkets
12/22/2023,12/22/2023,UNION 76 MILLBRAE CA,43.93,Gasoline
12/22/2023,12/22/2023,WALGREENS #0625 MILLBRAE CA,16.34,Merchandise
12/22/2023,12/22/2023,WALGREENS #0625 MILLBRAE CA,40.66,Merchandise
12/22/2023,12/22/2023,ZHANGLIANG MALATANG SAN MATEO CA,24.52,Restaurants
12/23/2023,12/23/2023,SAFEWAY #1547 BURLINGAME CA,49.93,Supermarkets
12/24/2023,12/24/2023,SAFEWAY #1547 BURLINGAME CA,14.34,Supermarkets
12/25/2023,12/25/2023,APPLE.COM/BILL 866-712-7753 CAAPPLE PAY ENDING IN 1455,15.89,Merchandise
12/25/2023,12/25/2023,CCBILL.COM 888-5969279 AZ,19.13,Merchandise
12/26/2023,12/26/2023,CCBILL.COM 888-5969279 AZ,8.49,Merchandise
12/26/2023,12/26/2023,CCBILL.COM 888-5969279 AZ,10.63,Merchandise
12/26/2023,12/26/2023,"STUBHUB, INC. 866-788-2482 CA",169.56,Travel/ Entertainment
12/26/2023,12/26/2023,WALGREENS #12257 BURLINGAME CA,8.91,Merchandise
12/28/2023,12/28/2023,ADOBE INC. 408-536-6000 CA,29.99,Merchandise
12/28/2023,12/28/2023,AMZN MKTP US*JH0C67TF3 AMZN.COM/BILLWA5MHP0ZC66PB,21.91,Merchandise
12/28/2023,12/28/2023,PANDA EXPRESS #907 P 800-877-8988 CAAPPLE PAY ENDING IN 1455,16.66,Restaurants
12/28/2023,12/28/2023,TARGET 00011221091 SAN MATEO CAAPPLE PAY ENDING IN 1455,24.63,Supermarkets
12/29/2023,12/29/2023,SQ *LEVY @ REGENCY BAL SAN FRANCISCOCA0001152921513544240976,6.18,Restaurants
12/29/2023,12/29/2023,SQ *LEVY @ REGENCY BAL SAN FRANCISCOCA0001152921513544218720,8.65,Restaurants
12/30/2023,12/30/2023,CCBILL.COM 888-5969279 AZ,5.04,Merchandise
12/30/2023,12/30/2023,INTERNET PAYMENT - THANK YOU,-1568.14,Payments and Credits
12/30/2023,12/30/2023,SQ *ZAREEN'S RESTAURAN REDWOOD CITY CA0001152921513546327493,52.15,Restaurants
12/30/2023,12/30/2023,TST* LIVING ROOM COFFEE CAMPBELL CA,5.88,Restaurants
12/31/2023,12/31/2023,APPLE FRITTER SAN MATEO CA,21.75,Restaurants
12/31/2023,12/31/2023,SQ *ZAREEN'S RESTAURAN REDWOOD CITY CA0001152921513549215564,84.34,Restaurants
